,Contract Name,Last Trade Date,Strike,Last Price,Bid,Ask,Change,% Change,Volume,Open Interest,Implied Volatility,Days to maturity
0,GOOGL240419C00005000,2024-04-11 2:48PM EDT,5.0,154.4,151.5,154.0,0.0,-,10,194,9.5,4
1,GOOGL240419C00035000,2024-02-27 3:16PM EDT,35.0,103.96,114.55,117.55,0.0,-,-,8,0.0,4
2,GOOGL240419C00045000,2024-03-15 9:48AM EDT,45.0,97.28,111.6,114.0,0.0,-,1,2,3.8438,4
3,GOOGL240419C00050000,2024-04-04 2:52PM EDT,50.0,102.5,106.5,108.9,0.0,-,20,8,5.3848,4
4,GOOGL240419C00055000,2024-03-04 4:51PM EDT,55.0,78.69,99.05,100.5,0.0,-,5,5,0.0,4
5,GOOGL240419C00060000,2024-03-04 4:48PM EDT,60.0,73.89,93.85,95.5,0.0,-,5,13,0.0,4
6,GOOGL240419C00065000,2023-11-17 12:27PM EDT,65.0,70.7,68.3,69.35,0.0,-,1,0,0.0,4
7,GOOGL240419C00070000,2024-04-01 12:40PM EDT,70.0,85.18,86.55,89.05,0.0,-,20,50,2.5469,4
8,GOOGL240419C00075000,2024-03-07 1:25PM EDT,75.0,59.73,77.4,77.95,0.0,-,1,3,0.0,4
9,GOOGL240419C00080000,2024-04-08 1:29PM EDT,80.0,74.55,76.55,79.0,0.0,-,2,26,2.0469,4
10,GOOGL240419C00085000,2024-03-11 9:52AM EDT,85.0,52.9,70.35,70.85,0.0,-,1,6,0.0,4
11,GOOGL240419C00090000,2024-03-26 1:45PM EDT,90.0,62.13,66.6,69.05,0.0,-,1,127,1.875,4
12,GOOGL240419C00095000,2024-04-10 2:31PM EDT,95.0,61.18,61.6,63.15,0.0,-,1,360,2.1387,4
13,GOOGL240419C00100000,2024-04-12 3:46PM EDT,100.0,58.04,56.65,58.15,3.07,+5.58%,38,1063,1.9491999999999998,4
14,GOOGL240419C00105000,2024-04-12 3:47PM EDT,105.0,52.71,51.6,54.05,0.75,+1.44%,28,388,1.4022999999999999,4
15,GOOGL240419C00110000,2024-04-12 2:45PM EDT,110.0,47.76,46.7,49.0,-0.94,-1.93%,1,519,1.3008000000000002,4
16,GOOGL240419C00115000,2024-04-12 2:53PM EDT,115.0,42.75,41.6,44.05,1.53,+3.71%,2,11211,1.1211,4
17,GOOGL240419C00120000,2024-04-12 1:15PM EDT,120.0,37.75,36.6,39.1,-1.7,-4.31%,24,1224,1.0195,4
18,GOOGL240419C00125000,2024-04-12 9:52AM EDT,125.0,35.0,31.65,33.2,0.5,+1.45%,2,1914,1.1318000000000001,4
19,GOOGL240419C00127000,2024-04-01 3:39PM EDT,127.0,28.37,29.65,33.05,0.0,-,10,18,1.1357,4
20,GOOGL240419C00128000,2024-04-10 10:00AM EDT,128.0,27.71,28.65,30.2,0.0,-,1,908,1.0371,4
21,GOOGL240419C00129000,2024-04-04 3:20PM EDT,129.0,22.9,27.65,29.2,0.0,-,1,12,1.0059,4
22,GOOGL240419C00130000,2024-04-12 3:20PM EDT,130.0,27.47,26.65,28.6,-2.13,-7.20%,74,3242,1.1279000000000001,4
23,GOOGL240419C00131000,2024-04-11 11:48AM EDT,131.0,27.0,25.65,28.15,0.0,-,87,103,0.7734000000000001,4
24,GOOGL240419C00132000,2024-04-12 1:29PM EDT,132.0,25.41,24.65,27.15,2.13,+9.15%,10,26,0.7471,4
25,GOOGL240419C00133000,2024-04-11 1:35PM EDT,133.0,25.8,23.65,25.2,0.0,-,1,8,0.8818,4
26,GOOGL240419C00134000,2024-04-12 12:03PM EDT,134.0,24.6,22.65,24.15,2.92,+13.47%,1,31,0.8295999999999999,4
27,GOOGL240419C00135000,2024-04-12 3:20PM EDT,135.0,22.5,20.9,25.1,-2.25,-9.09%,155,6822,0.7284999999999999,4
28,GOOGL240419C00136000,2024-04-12 12:17PM EDT,136.0,22.5,20.75,23.75,0.13,+0.58%,1,63,0.8086,4
29,GOOGL240419C00137000,2024-04-12 10:20AM EDT,137.0,22.42,19.7,21.3,0.03,+0.13%,3,44,0.7948999999999999,4
30,GOOGL240419C00138000,2024-04-12 10:44AM EDT,138.0,20.57,18.7,20.25,0.47,+2.34%,2,50,0.7461,4
31,GOOGL240419C00139000,2024-04-12 12:18PM EDT,139.0,19.56,16.95,20.15,0.16,+0.82%,3,23,0.9556,4
32,GOOGL240419C00140000,2024-04-12 3:53PM EDT,140.0,17.6,16.7,18.2,-1.9,-9.74%,656,36386,0.6665000000000001,4
33,GOOGL240419C00141000,2024-04-12 3:09PM EDT,141.0,16.7,15.7,18.2,-0.82,-4.68%,175,210,0.5352,4
34,GOOGL240419C00142000,2024-04-12 3:05PM EDT,142.0,15.55,13.95,16.3,-1.89,-10.84%,10,73,0.6362,4
35,GOOGL240419C00143000,2024-04-12 3:43PM EDT,143.0,15.0,12.95,15.3,-1.74,-10.39%,389,813,0.6045,4
36,GOOGL240419C00144000,2024-04-12 2:09PM EDT,144.0,13.66,12.85,14.3,-1.84,-11.87%,28,243,0.5722999999999999,4
37,GOOGL240419C00145000,2024-04-12 3:55PM EDT,145.0,12.95,11.8,13.35,-1.75,-11.90%,137,23235,0.5537,4
38,GOOGL240419C00146000,2024-04-12 3:46PM EDT,146.0,12.1,10.8,12.35,-1.35,-10.04%,175,464,0.521,4
39,GOOGL240419C00147000,2024-04-12 2:58PM EDT,147.0,10.72,9.85,11.4,-2.07,-16.18%,56,1354,0.49950000000000006,4
40,GOOGL240419C00148000,2024-04-12 3:55PM EDT,148.0,10.01,9.9,10.3,-1.69,-14.44%,161,1955,0.4429,4
41,GOOGL240419C00149000,2024-04-12 2:24PM EDT,149.0,9.07,7.1,9.3,-1.41,-13.45%,95,1652,0.4097,4
42,GOOGL240419C00150000,2024-04-12 3:59PM EDT,150.0,8.25,7.1,8.9,-1.62,-16.41%,861,22326,0.4915,4
43,GOOGL240419C00152500,2024-04-12 3:56PM EDT,152.5,5.8,5.9,6.15,-1.78,-23.48%,763,10029,0.35159999999999997,4
44,GOOGL240419C00155000,2024-04-12 3:59PM EDT,155.0,3.95,3.95,4.05,-1.35,-25.47%,4249,21879,0.3059,4
45,GOOGL240419C00157500,2024-04-12 3:59PM EDT,157.5,2.41,2.35,2.44,-0.99,-29.12%,5416,12356,0.28809999999999997,4
46,GOOGL240419C00160000,2024-04-12 3:59PM EDT,160.0,1.25,1.23,1.26,-0.74,-37.19%,34512,26644,0.2722,4
47,GOOGL240419C00162500,2024-04-12 3:59PM EDT,162.5,0.57,0.54,0.58,-0.41,-41.84%,10918,4850,0.2669,4
48,GOOGL240419C00165000,2024-04-12 3:59PM EDT,165.0,0.23,0.22,0.23,-0.21,-47.73%,42215,11459,0.2632,4
49,GOOGL240419C00167500,2024-04-12 3:59PM EDT,167.5,0.09,0.08,0.1,-0.06,-40.00%,3010,1109,0.2734,4
50,GOOGL240419C00170000,2024-04-12 3:58PM EDT,170.0,0.05,0.04,0.06,-0.05,-50.00%,1294,7303,0.2988,4
51,GOOGL240419C00172500,2024-04-12 3:51PM EDT,172.5,0.03,0.01,0.05,-0.02,-40.00%,772,71,0.3379,4
52,GOOGL240419C00175000,2024-04-12 3:56PM EDT,175.0,0.02,0.01,0.03,-0.01,-33.33%,147,2526,0.3555,4
53,GOOGL240419C00177500,2024-04-12 9:30AM EDT,177.5,0.01,0.0,0.04,0.0,-,5,149,0.41409999999999997,4
54,GOOGL240419C00180000,2024-04-12 1:21PM EDT,180.0,0.02,0.0,0.02,0.01,+100.00%,50,3125,0.418,4
55,GOOGL240419C00185000,2024-04-12 1:52PM EDT,185.0,0.01,0.0,0.01,0.0,-,80,1652,0.4531,4
56,GOOGL240419C00190000,2024-04-12 10:07AM EDT,190.0,0.01,0.0,1.42,0.0,-,2,918,0.9951000000000001,4
57,GOOGL240419C00195000,2024-04-01 1:24PM EDT,195.0,0.02,0.0,0.03,0.0,-,5,499,0.6172,4
58,GOOGL240419C00200000,2024-04-12 9:50AM EDT,200.0,0.01,0.0,0.01,0.0,-,1,2387,0.6093999999999999,4
59,GOOGL240419C00205000,2024-04-08 11:37AM EDT,205.0,0.01,0.0,0.01,0.0,-,1,2028,0.6718999999999999,4
60,GOOGL240419C00210000,2024-04-04 12:25PM EDT,210.0,0.01,0.0,0.01,0.0,-,1,2015,0.7188,4
61,GOOGL240419C00215000,2024-03-26 3:43PM EDT,215.0,0.01,0.0,0.03,0.0,-,100,283,0.8593999999999999,4
62,GOOGL240419C00220000,2024-03-19 10:50AM EDT,220.0,0.01,0.0,0.01,0.0,-,238,292,0.8438,4
63,GOOGL240419C00225000,2024-03-20 3:59PM EDT,225.0,0.02,0.0,0.02,0.0,-,2,7,0.9375,4
64,GOOGL240419C00230000,2024-03-11 2:07PM EDT,230.0,0.02,0.0,0.01,0.0,-,200,200,0.9375,4
65,GOOGL240419C00240000,2024-03-22 1:51PM EDT,240.0,0.01,0.0,0.03,0.0,-,1,11,1.125,4
66,GOOGL240419C00245000,2024-04-01 11:07AM EDT,245.0,0.01,0.0,0.03,0.0,-,1,0,1.1719,4
0,GOOGL240426C00090000,2024-04-12 11:51AM EDT,90.0,68.85,67.55,68.35,6.35,+10.16%,4,1,1.4316,11
1,GOOGL240426C00100000,2024-04-08 10:33AM EDT,100.0,55.24,57.55,58.25,0.0,-,9,15,1.1445,11
2,GOOGL240426C00105000,2024-04-12 9:38AM EDT,105.0,54.51,52.6,53.4,1.5,+2.83%,1,40,1.1133,11
3,GOOGL240426C00110000,2024-04-11 12:10PM EDT,110.0,48.27,47.6,48.3,0.0,-,26,44,0.9688,11
4,GOOGL240426C00115000,2024-03-28 2:32PM EDT,115.0,36.52,42.6,43.45,0.0,-,6,7,0.9081999999999999,11
5,GOOGL240426C00118000,2024-04-04 9:55AM EDT,118.0,35.1,38.05,40.35,0.0,-,2,2,0.9771,11
6,GOOGL240426C00120000,2024-04-11 2:30PM EDT,120.0,39.65,37.65,38.45,0.0,-,2,29,0.8154,11
7,GOOGL240426C00121000,2024-03-14 3:37PM EDT,121.0,23.09,36.65,37.4,0.0,-,1,1,0.7822,11
8,GOOGL240426C00125000,2024-04-09 1:09PM EDT,125.0,32.45,32.7,33.55,0.0,-,8,24,0.7422,11
9,GOOGL240426C00126000,2024-04-10 10:39AM EDT,126.0,30.26,31.75,32.5,0.0,-,10,11,0.7206999999999999,11
10,GOOGL240426C00127000,2024-04-09 9:51AM EDT,127.0,30.65,30.7,31.45,0.0,-,2,27,0.6816,11
11,GOOGL240426C00128000,2024-04-01 9:36AM EDT,128.0,26.0,29.8,30.6,0.0,-,5,6,0.7045999999999999,11
12,GOOGL240426C00129000,2024-04-08 9:33AM EDT,129.0,26.0,28.75,29.55,26.0,-,-,2,0.667,11
13,GOOGL240426C00130000,2024-04-12 10:50AM EDT,130.0,28.55,27.8,28.55,-0.8,-2.73%,1,51,0.6543000000000001,11
14,GOOGL240426C00131000,2024-04-08 1:05PM EDT,131.0,24.4,26.85,27.6,0.0,-,1,16,0.6484000000000001,11
15,GOOGL240426C00132000,2024-04-09 3:51PM EDT,132.0,24.94,25.8,26.65,0.0,-,1,25,0.627,11
16,GOOGL240426C00133000,2024-04-11 1:19PM EDT,133.0,26.2,24.9,25.65,0.0,-,2,9,0.6196,11
17,GOOGL240426C00134000,2024-04-05 10:48AM EDT,134.0,19.63,23.1,24.75,0.0,-,1,24,0.7031000000000001,11
18,GOOGL240426C00135000,2024-04-12 1:27PM EDT,135.0,23.0,21.3,25.5,-0.7,-2.95%,6,277,0.6069,11
19,GOOGL240426C00136000,2024-04-12 12:26PM EDT,136.0,22.9,21.25,23.55,0.9,+4.09%,1,42,0.5845,11
20,GOOGL240426C00137000,2024-04-12 2:55PM EDT,137.0,21.2,20.3,21.7,0.11,+0.52%,4,20,0.6225999999999999,11
21,GOOGL240426C00138000,2024-04-12 12:53PM EDT,138.0,20.67,18.9,20.8,-1.38,-6.26%,19,186,0.6167,11
22,GOOGL240426C00139000,2024-04-11 1:54PM EDT,139.0,20.67,18.4,19.85,0.0,-,6,170,0.6011,11
23,GOOGL240426C00140000,2024-04-12 3:15PM EDT,140.0,18.1,17.2,18.75,-2.0,-9.95%,34,267,0.5603,11
24,GOOGL240426C00141000,2024-04-12 3:35PM EDT,141.0,17.2,15.6,18.1,-2.2,-11.34%,10,116,0.5908,11
25,GOOGL240426C00142000,2024-04-12 1:50PM EDT,142.0,16.78,16.7,16.9,-0.4,-2.33%,107,465,0.5205,11
26,GOOGL240426C00143000,2024-04-12 3:37PM EDT,143.0,15.45,15.75,16.25,-1.73,-10.07%,11,160,0.5259,11
27,GOOGL240426C00144000,2024-04-12 3:51PM EDT,144.0,14.8,14.9,15.2,-1.83,-11.00%,13,420,0.5075999999999999,11
28,GOOGL240426C00145000,2024-04-12 3:54PM EDT,145.0,13.87,14.05,14.2,-1.76,-11.26%,162,2870,0.502,11
29,GOOGL240426C00146000,2024-04-12 12:27PM EDT,146.0,13.63,13.2,13.7,-1.12,-7.59%,31,2064,0.5068,11
30,GOOGL240426C00147000,2024-04-12 11:17AM EDT,147.0,12.7,12.35,12.65,-0.9,-6.62%,58,144,0.5029,11
31,GOOGL240426C00148000,2024-04-12 2:22PM EDT,148.0,11.6,11.55,11.85,-1.36,-10.49%,36,208,0.4968,11
32,GOOGL240426C00149000,2024-04-12 3:41PM EDT,149.0,10.63,10.8,11.0,-1.22,-10.30%,16,1013,0.4836,11
33,GOOGL240426C00150000,2024-04-12 3:59PM EDT,150.0,10.01,10.0,10.4,-1.29,-11.42%,67,1728,0.49439999999999995,11
34,GOOGL240426C00152500,2024-04-12 3:50PM EDT,152.5,8.25,8.25,8.45,-1.1,-11.76%,80,1102,0.46590000000000004,11
35,GOOGL240426C00155000,2024-04-12 3:56PM EDT,155.0,6.65,6.7,6.9,-1.0,-13.07%,824,2992,0.4611,11
36,GOOGL240426C00157500,2024-04-12 3:53PM EDT,157.5,5.35,5.35,5.55,-0.85,-13.71%,1316,1559,0.45799999999999996,11
37,GOOGL240426C00160000,2024-04-12 3:59PM EDT,160.0,4.2,4.15,4.25,-0.65,-13.40%,1872,5552,0.4439,11
38,GOOGL240426C00162500,2024-04-12 3:57PM EDT,162.5,3.17,3.1,3.3,-0.54,-14.56%,782,719,0.444,11
39,GOOGL240426C00165000,2024-04-12 3:59PM EDT,165.0,2.38,2.32,2.61,-0.43,-15.30%,772,2069,0.4526,11
40,GOOGL240426C00167500,2024-04-12 3:56PM EDT,167.5,1.7,1.68,1.82,-0.39,-18.66%,439,762,0.43670000000000003,11
41,GOOGL240426C00170000,2024-04-12 3:58PM EDT,170.0,1.22,1.21,1.27,-0.27,-18.12%,1589,9792,0.429,11
42,GOOGL240426C00172500,2024-04-12 3:49PM EDT,172.5,0.88,0.84,0.96,-0.13,-12.87%,194,274,0.43700000000000006,11
43,GOOGL240426C00175000,2024-04-12 3:59PM EDT,175.0,0.62,0.59,0.66,-0.09,-12.68%,182,1481,0.4336,11
44,GOOGL240426C00177500,2024-04-12 3:49PM EDT,177.5,0.44,0.42,0.47,-0.04,-8.33%,134,284,0.4365,11
45,GOOGL240426C00180000,2024-04-12 3:58PM EDT,180.0,0.33,0.31,0.34,-0.03,-8.33%,635,5577,0.4424,11
46,GOOGL240426C00185000,2024-04-12 12:18PM EDT,185.0,0.18,0.17,0.21,-0.03,-14.29%,55,265,0.4668,11
47,GOOGL240426C00190000,2024-04-12 3:55PM EDT,190.0,0.16,0.09,0.24,0.04,+33.33%,143,149,0.5078,11
48,GOOGL240426C00195000,2024-04-12 12:33PM EDT,195.0,0.06,0.04,0.17,-0.08,-57.14%,1,26,0.5283,11
49,GOOGL240426C00200000,2024-04-12 12:02PM EDT,200.0,0.04,0.02,0.08,-0.01,-20.00%,5,101,0.5273,11
50,GOOGL240426C00205000,2024-04-09 11:30AM EDT,205.0,0.03,0.02,0.15,0.0,-,8,27,0.6133,11
51,GOOGL240426C00210000,2024-04-12 1:20PM EDT,210.0,0.07,0.01,0.14,0.0,-,9,3,0.6504000000000001,11
52,GOOGL240426C00215000,2024-03-22 1:40PM EDT,215.0,0.1,0.01,0.11,0.0,-,2,2,0.6777,11
53,GOOGL240426C00220000,2024-04-12 1:20PM EDT,220.0,0.04,0.0,0.07,0.03,+300.00%,9,10,0.6797,11
54,GOOGL240426C00225000,2024-04-11 2:32PM EDT,225.0,0.03,0.0,0.1,0.03,-,-,40,0.7461,11
0,GOOGL240503C00100000,2024-04-05 11:24AM EDT,100.0,52.9,57.65,58.55,0.0,-,2,1,1.044,18
1,GOOGL240503C00105000,2024-04-11 9:45AM EDT,105.0,53.1,52.65,53.55,0.0,-,1,2,0.9462999999999999,18
2,GOOGL240503C00110000,2024-03-25 10:03AM EDT,110.0,39.39,47.75,48.4,0.0,-,1,1,0.8428,18
3,GOOGL240503C00115000,2024-04-11 2:37PM EDT,115.0,44.77,42.75,43.55,0.0,-,1,2,0.7813,18
4,GOOGL240503C00120000,2024-04-08 10:02AM EDT,120.0,35.43,37.8,38.6,0.0,-,11,13,0.708,18
5,GOOGL240503C00125000,2024-03-28 2:30PM EDT,125.0,27.62,32.95,33.75,0.0,-,4,0,0.6581999999999999,18
6,GOOGL240503C00130000,2024-04-12 10:51AM EDT,130.0,28.66,28.05,28.9,-0.59,-2.02%,2,97,0.594,18
7,GOOGL240503C00134000,2024-04-11 3:34PM EDT,134.0,26.25,24.5,24.95,0.0,-,1,2,0.563,18
8,GOOGL240503C00135000,2024-04-08 9:59AM EDT,135.0,21.09,23.55,25.8,0.0,-,1,4,0.6716,18
9,GOOGL240503C00136000,2024-04-02 1:45PM EDT,136.0,19.37,22.6,22.95,0.0,-,2,1,0.5322,18
10,GOOGL240503C00137000,2024-04-12 10:36AM EDT,137.0,22.22,21.6,21.95,2.17,+10.82%,2,5,0.5129,18
11,GOOGL240503C00138000,2024-04-11 3:48PM EDT,138.0,22.62,20.65,20.95,0.0,-,2,15,0.5178,18
12,GOOGL240503C00139000,2024-04-11 12:26PM EDT,139.0,20.3,19.45,20.35,0.0,-,3,28,0.5474,18
13,GOOGL240503C00140000,2024-04-12 11:34AM EDT,140.0,19.9,18.9,19.1,-0.51,-2.50%,18,135,0.4968,18
14,GOOGL240503C00141000,2024-04-12 3:09PM EDT,141.0,17.71,17.7,18.2,2.21,+14.26%,2,25,0.488,18
15,GOOGL240503C00142000,2024-04-12 1:46PM EDT,142.0,17.05,17.1,17.3,1.74,+11.37%,11,43,0.47859999999999997,18
16,GOOGL240503C00143000,2024-04-12 2:19PM EDT,143.0,16.21,16.2,16.6,-0.18,-1.10%,15,24,0.4893,18
17,GOOGL240503C00144000,2024-04-12 1:46PM EDT,144.0,15.27,15.35,15.6,-1.2,-7.29%,2,24,0.4673,18
18,GOOGL240503C00145000,2024-04-12 10:06AM EDT,145.0,15.96,14.5,14.75,0.59,+3.84%,1,179,0.46,18
19,GOOGL240503C00146000,2024-04-12 1:27PM EDT,146.0,13.43,13.4,13.9,0.4,+3.07%,18,47,0.4514,18
20,GOOGL240503C00147000,2024-04-12 3:57PM EDT,147.0,12.9,12.9,13.1,-1.17,-8.32%,9,88,0.4461,18
21,GOOGL240503C00148000,2024-04-12 1:49PM EDT,148.0,12.25,12.1,12.3,0.72,+6.24%,2,255,0.4396,18
22,GOOGL240503C00149000,2024-04-12 1:30PM EDT,149.0,11.15,11.05,11.65,-1.55,-12.20%,2,171,0.4439,18
23,GOOGL240503C00150000,2024-04-12 3:59PM EDT,150.0,10.7,10.6,10.8,-1.05,-8.94%,65,1164,0.4304,18
24,GOOGL240503C00152500,2024-04-12 3:41PM EDT,152.5,8.79,8.9,9.1,-1.14,-11.48%,17,1585,0.4236,18
25,GOOGL240503C00155000,2024-04-12 3:17PM EDT,155.0,7.28,7.35,7.6,-1.07,-12.81%,259,1577,0.4205,18
26,GOOGL240503C00157500,2024-04-12 3:58PM EDT,157.5,6.05,6.0,6.15,-0.81,-11.81%,188,718,0.4102,18
27,GOOGL240503C00160000,2024-04-12 3:47PM EDT,160.0,4.8,4.8,4.9,-0.68,-12.41%,190,2892,0.4023,18
28,GOOGL240503C00162500,2024-04-12 3:41PM EDT,162.5,3.76,3.75,3.9,-0.61,-13.96%,448,779,0.4004,18
29,GOOGL240503C00165000,2024-04-12 3:58PM EDT,165.0,2.94,2.91,3.0,-0.41,-12.24%,403,1178,0.3944,18
30,GOOGL240503C00167500,2024-04-12 3:58PM EDT,167.5,2.22,2.2,2.28,-0.33,-12.94%,348,718,0.3906,18
31,GOOGL240503C00170000,2024-04-12 3:49PM EDT,170.0,1.64,1.63,1.7,-0.26,-13.68%,151,818,0.3871,18
32,GOOGL240503C00172500,2024-04-12 1:11PM EDT,172.5,1.2,1.21,1.26,-0.2,-14.29%,166,271,0.3857,18
33,GOOGL240503C00175000,2024-04-12 3:58PM EDT,175.0,0.91,0.88,0.93,-0.14,-13.33%,146,225,0.3857,18
34,GOOGL240503C00177500,2024-04-12 1:54PM EDT,177.5,0.68,0.64,0.69,-0.07,-9.33%,28,47,0.38770000000000004,18
35,GOOGL240503C00180000,2024-04-12 3:58PM EDT,180.0,0.49,0.48,0.52,-0.06,-10.91%,60,182,0.3921,18
36,GOOGL240503C00185000,2024-04-12 3:06PM EDT,185.0,0.3,0.22,0.34,0.01,+3.45%,779,831,0.41259999999999997,18
37,GOOGL240503C00190000,2024-04-12 11:32AM EDT,190.0,0.2,0.08,0.22,0.02,+11.11%,1,393,0.4302,18
38,GOOGL240503C00195000,2024-04-11 9:58AM EDT,195.0,0.12,0.05,0.26,0.0,-,1,24,0.49219999999999997,18
39,GOOGL240503C00200000,2024-04-11 2:37PM EDT,200.0,0.05,0.04,0.24,-0.04,-44.44%,1,314,0.5322,18
40,GOOGL240503C00205000,2024-04-11 12:16PM EDT,205.0,0.07,0.04,0.21,0.07,-,-,10,0.5215,18
41,GOOGL240503C00210000,2024-04-03 10:16AM EDT,210.0,0.17,0.01,0.16,0.0,-,1,1,0.5332,18
42,GOOGL240503C00215000,2024-04-12 1:17PM EDT,215.0,0.04,0.04,0.14,0.01,+33.33%,9,192,0.5742,18
43,GOOGL240503C00220000,2024-04-05 1:37PM EDT,220.0,0.04,0.0,0.09,0.0,-,1,111,0.5625,18
0,GOOGL240510C00090000,2024-04-12 10:19AM EDT,90.0,69.65,67.75,68.5,0.0,-,1,0,1.0898,25
1,GOOGL240510C00115000,2024-04-02 3:05PM EDT,115.0,39.85,42.95,43.7,0.0,-,-,2,0.7206999999999999,25
2,GOOGL240510C00135000,2024-04-12 2:58PM EDT,135.0,23.7,23.75,24.3,2.47,+11.63%,1,3,0.5059,25
3,GOOGL240510C00136000,2024-04-12 3:36PM EDT,136.0,22.45,22.85,23.15,3.81,+20.44%,1,1,0.5032,25
4,GOOGL240510C00137000,2024-04-12 1:40PM EDT,137.0,21.8,21.9,22.25,0.0,-,1,0,0.4966,25
5,GOOGL240510C00138000,2024-04-11 12:31PM EDT,138.0,21.25,19.95,21.3,21.25,-,-,2,0.4839,25
6,GOOGL240510C00139000,2024-04-10 2:13PM EDT,139.0,19.08,20.1,20.3,0.0,-,1,9,0.4661,25
7,GOOGL240510C00140000,2024-04-12 2:42PM EDT,140.0,19.15,19.15,19.4,0.15,+0.79%,1,57,0.45799999999999996,25
8,GOOGL240510C00141000,2024-04-12 1:14PM EDT,141.0,18.24,18.3,18.5,-0.41,-2.20%,25,5,0.44920000000000004,25
9,GOOGL240510C00142000,2024-04-08 3:48PM EDT,142.0,15.23,17.4,17.65,0.0,-,1,31,0.4443,25
10,GOOGL240510C00143000,2024-04-11 1:08PM EDT,143.0,17.2,16.5,16.85,0.0,-,5,32,0.4429,25
11,GOOGL240510C00144000,2024-04-12 1:09PM EDT,144.0,15.5,15.7,15.9,2.05,+15.24%,6,35,0.4277,25
12,GOOGL240510C00145000,2024-04-12 1:23PM EDT,145.0,14.65,14.85,15.4,-0.07,-0.48%,2,78,0.44780000000000003,25
13,GOOGL240510C00146000,2024-04-10 12:17PM EDT,146.0,12.21,14.05,14.25,0.0,-,10,36,0.4158,25
14,GOOGL240510C00147000,2024-04-12 2:07PM EDT,147.0,13.35,13.05,13.8,1.68,+14.40%,2,24,0.43579999999999997,25
15,GOOGL240510C00148000,2024-04-12 1:21PM EDT,148.0,12.4,12.5,12.7,1.65,+15.35%,2,51,0.4071,25
16,GOOGL240510C00149000,2024-04-09 1:07PM EDT,149.0,11.38,11.75,11.95,0.0,-,5,8,0.4028,25
17,GOOGL240510C00150000,2024-04-12 3:06PM EDT,150.0,10.95,11.0,12.2,-1.35,-10.98%,10,129,0.4633,25
18,GOOGL240510C00152500,2024-04-12 10:33AM EDT,152.5,9.99,9.35,9.8,-0.16,-1.58%,10,99,0.40850000000000003,25
19,GOOGL240510C00155000,2024-04-12 3:21PM EDT,155.0,7.78,7.8,8.0,-0.92,-10.57%,26,500,0.3859,25
20,GOOGL240510C00157500,2024-04-12 3:58PM EDT,157.5,6.4,6.45,6.6,-0.81,-11.23%,82,266,0.37929999999999997,25
21,GOOGL240510C00160000,2024-04-12 3:09PM EDT,160.0,5.25,5.25,5.4,-0.75,-12.50%,1258,432,0.37560000000000004,25
22,GOOGL240510C00162500,2024-04-12 3:49PM EDT,162.5,4.25,4.1,4.55,-0.47,-9.96%,316,180,0.38380000000000003,25
23,GOOGL240510C00165000,2024-04-12 3:49PM EDT,165.0,3.33,3.1,3.65,-0.52,-13.51%,198,433,0.3807,25
24,GOOGL240510C00167500,2024-04-12 1:38PM EDT,167.5,2.61,2.54,2.64,-0.29,-10.00%,16,191,0.3611,25
25,GOOGL240510C00170000,2024-04-12 3:51PM EDT,170.0,1.97,1.75,2.05,-0.33,-14.35%,68,894,0.3601,25
26,GOOGL240510C00172500,2024-04-12 2:42PM EDT,172.5,1.51,1.44,1.55,0.16,+11.85%,9,142,0.3574,25
27,GOOGL240510C00175000,2024-04-12 3:52PM EDT,175.0,1.08,1.08,1.28,-0.18,-14.29%,91,227,0.36729999999999996,25
28,GOOGL240510C00180000,2024-04-12 2:56PM EDT,180.0,0.63,0.59,0.67,-0.07,-10.00%,44,357,0.3591,25
29,GOOGL240510C00185000,2024-04-12 11:58AM EDT,185.0,0.4,0.34,0.38,0.09,+29.03%,43,62,0.36329999999999996,25
30,GOOGL240510C00190000,2024-04-12 3:19PM EDT,190.0,0.23,0.1,0.41,0.0,-,15,27,0.4165,25
31,GOOGL240510C00195000,2024-04-12 9:38AM EDT,195.0,0.21,0.06,0.33,0.11,+110.00%,1,331,0.4424,25
32,GOOGL240510C00200000,2024-04-09 10:27AM EDT,200.0,0.1,0.03,0.26,0.0,-,500,504,0.4639,25
33,GOOGL240510C00205000,2024-04-12 9:30AM EDT,205.0,0.08,0.02,0.23,0.0,-,1,1,0.4932,25
34,GOOGL240510C00215000,2024-04-11 11:52AM EDT,215.0,0.05,0.0,0.19,0.05,-,-,5,0.5488000000000001,25
35,GOOGL240510C00220000,2024-04-10 10:45AM EDT,220.0,0.04,0.0,0.17,0.0,-,1,19,0.5215,25
36,GOOGL240510C00225000,2024-04-10 10:36AM EDT,225.0,0.02,0.0,0.16,0.0,-,27,55,0.5478999999999999,25
0,GOOGL240517C00045000,2024-03-19 3:36PM EDT,45.0,101.99,112.6,113.35,0.0,-,2,1,1.8866999999999998,32
1,GOOGL240517C00050000,2024-04-04 3:45PM EDT,50.0,101.18,107.65,108.35,0.0,-,21,20,1.7597999999999998,32
2,GOOGL240517C00060000,2024-03-22 9:38AM EDT,60.0,91.0,97.7,99.3,0.0,-,1,2,1.7783000000000002,32
3,GOOGL240517C00065000,2024-03-01 10:58AM EDT,65.0,73.8,85.15,88.1,0.0,-,1,3,0.0,32
4,GOOGL240517C00070000,2024-04-12 9:36AM EDT,70.0,90.0,87.75,88.5,8.4,+10.29%,5,15,1.3525,32
5,GOOGL240517C00075000,2023-12-28 1:55PM EDT,75.0,67.15,77.0,80.2,0.0,-,-,1,0.0,32
6,GOOGL240517C00080000,2024-04-04 1:40PM EDT,80.0,75.0,76.8,78.5,0.0,-,3,9,1.2959,32
7,GOOGL240517C00085000,2024-04-02 9:53AM EDT,85.0,68.3,72.85,74.4,0.0,-,2,7,1.2305,32
8,GOOGL240517C00090000,2024-04-09 10:16AM EDT,90.0,68.3,66.9,68.6,0.0,-,1,12,0.6602,32
9,GOOGL240517C00095000,2024-04-01 2:47PM EDT,95.0,60.65,62.9,63.6,0.0,-,1,92,0.9331,32
10,GOOGL240517C00100000,2024-04-12 3:18PM EDT,100.0,57.85,57.95,58.65,-1.75,-2.94%,11,1271,0.8662000000000001,32
11,GOOGL240517C00105000,2024-04-12 12:03PM EDT,105.0,54.03,53.0,53.7,4.56,+9.22%,1,71,0.7998000000000001,32
12,GOOGL240517C00110000,2024-04-11 2:42PM EDT,110.0,50.15,48.1,48.8,0.0,-,3,346,0.7451000000000001,32
13,GOOGL240517C00115000,2024-04-12 12:02PM EDT,115.0,44.17,43.15,43.95,1.61,+3.78%,1,386,0.6884999999999999,32
14,GOOGL240517C00120000,2024-04-12 11:27AM EDT,120.0,39.25,38.25,38.95,-0.65,-1.63%,3,525,0.6213000000000001,32
15,GOOGL240517C00125000,2024-04-12 12:35PM EDT,125.0,34.25,33.4,34.1,-0.95,-2.70%,2,537,0.5690999999999999,32
16,GOOGL240517C00130000,2024-04-12 3:19PM EDT,130.0,28.55,27.6,30.05,-1.95,-6.39%,16,3501,0.5036999999999999,32
17,GOOGL240517C00135000,2024-04-12 3:56PM EDT,135.0,24.24,23.1,24.4,-1.61,-6.23%,403,12075,0.489,32
18,GOOGL240517C00140000,2024-04-12 3:40PM EDT,140.0,19.53,19.7,19.85,-1.82,-8.52%,367,21394,0.4459,32
19,GOOGL240517C00145000,2024-04-12 3:40PM EDT,145.0,15.22,15.5,15.75,-1.58,-9.40%,188,12974,0.4229,32
20,GOOGL240517C00150000,2024-04-12 3:52PM EDT,150.0,11.71,11.8,11.95,-1.19,-9.22%,440,17548,0.3983,32
21,GOOGL240517C00155000,2024-04-12 3:57PM EDT,155.0,8.65,8.65,8.8,-0.93,-9.71%,1430,17038,0.3865,32
22,GOOGL240517C00160000,2024-04-12 3:57PM EDT,160.0,6.1,6.05,6.2,-0.68,-10.03%,2799,16037,0.3765,32
23,GOOGL240517C00165000,2024-04-12 3:59PM EDT,165.0,4.05,4.05,4.15,-0.59,-12.72%,933,13872,0.36719999999999997,32
24,GOOGL240517C00170000,2024-04-12 3:49PM EDT,170.0,2.59,2.58,2.64,-0.35,-11.90%,910,10007,0.3594,32
25,GOOGL240517C00175000,2024-04-12 3:50PM EDT,175.0,1.58,1.55,1.63,-0.25,-13.66%,987,12498,0.3558,32
26,GOOGL240517C00180000,2024-04-12 3:51PM EDT,180.0,0.94,0.94,1.0,-0.16,-14.55%,319,6628,0.3567,32
27,GOOGL240517C00185000,2024-04-12 3:49PM EDT,185.0,0.6,0.57,0.61,-0.06,-9.09%,794,9503,0.35960000000000003,32
28,GOOGL240517C00190000,2024-04-12 3:51PM EDT,190.0,0.37,0.35,0.39,-0.02,-5.13%,21,563,0.36719999999999997,32
29,GOOGL240517C00195000,2024-04-12 12:56PM EDT,195.0,0.27,0.2,0.3,0.02,+8.00%,45,2825,0.3872,32
30,GOOGL240517C00200000,2024-04-12 11:23AM EDT,200.0,0.18,0.12,0.19,0.02,+12.50%,108,2421,0.3926,32
31,GOOGL240517C00205000,2024-04-11 3:51PM EDT,205.0,0.13,0.08,0.16,0.0,-,182,2600,0.415,32
32,GOOGL240517C00210000,2024-04-12 11:45AM EDT,210.0,0.08,0.05,0.14,0.0,-,14,1551,0.4375,32
33,GOOGL240517C00215000,2024-04-01 9:30AM EDT,215.0,0.07,0.06,0.1,-0.05,-41.67%,8,78,0.4473,32
34,GOOGL240517C00220000,2024-04-11 2:01PM EDT,220.0,0.05,0.02,0.1,0.0,-,294,571,0.4746,32
35,GOOGL240517C00225000,2024-04-10 3:57PM EDT,225.0,0.05,0.02,0.04,0.0,-,25,236,0.4512,32
36,GOOGL240517C00230000,2024-04-12 2:02PM EDT,230.0,0.02,0.02,0.05,-0.01,-33.33%,10,9910,0.4863,32
37,GOOGL240517C00235000,2024-04-12 11:08AM EDT,235.0,0.02,0.01,0.07,-0.06,-75.00%,10,1,0.5313,32
38,GOOGL240517C00240000,2024-04-03 9:30AM EDT,240.0,0.04,0.0,0.06,0.0,-,1,227,0.5059,32
0,GOOGL240524C00120000,2024-04-09 1:16PM EDT,120.0,37.75,38.4,39.3,37.75,-,-,5,0.6021,39
1,GOOGL240524C00130000,2024-04-11 3:17PM EDT,130.0,30.44,28.85,29.7,0.0,-,2,5,0.5068,39
2,GOOGL240524C00135000,2024-04-11 11:21AM EDT,135.0,24.3,24.15,25.05,0.0,-,2,3,0.49950000000000006,39
3,GOOGL240524C00140000,2024-04-12 10:59AM EDT,140.0,19.85,19.75,20.25,-1.24,-5.88%,16,22,0.4349,39
4,GOOGL240524C00145000,2024-04-12 3:55PM EDT,145.0,15.98,15.55,16.1,1.0,+6.68%,4,29,0.40630000000000005,39
5,GOOGL240524C00150000,2024-04-12 2:31PM EDT,150.0,12.25,12.2,12.4,-1.07,-8.03%,6,75,0.3864,39
6,GOOGL240524C00155000,2024-04-12 2:57PM EDT,155.0,8.99,9.05,9.25,-1.07,-10.64%,10,104,0.3737,39
7,GOOGL240524C00160000,2024-04-12 1:44PM EDT,160.0,6.39,6.5,6.85,-0.79,-11.00%,59,341,0.3737,39
8,GOOGL240524C00165000,2024-04-12 2:50PM EDT,165.0,4.5,4.4,4.7,-0.52,-10.36%,171,184,0.3618,39
9,GOOGL240524C00170000,2024-04-12 3:13PM EDT,170.0,2.9,2.74,3.05,-0.35,-10.77%,49,156,0.3506,39
10,GOOGL240524C00175000,2024-04-12 2:58PM EDT,175.0,1.85,1.66,2.11,-0.17,-8.42%,52,103,0.3568,39
11,GOOGL240524C00180000,2024-04-12 3:47PM EDT,180.0,1.17,1.14,1.47,-0.11,-8.59%,12,57,0.365,39
12,GOOGL240524C00185000,2024-04-11 3:47PM EDT,185.0,0.83,0.74,0.82,0.83,-,-,159,0.3521,39
13,GOOGL240524C00190000,2024-04-12 10:06AM EDT,190.0,0.6,0.48,0.52,0.02,+3.45%,7,35,0.355,39
14,GOOGL240524C00195000,2024-04-12 10:41AM EDT,195.0,0.4,0.15,0.54,0.0,-,1,56,0.39549999999999996,39
15,GOOGL240524C00205000,2024-04-12 3:23PM EDT,205.0,0.21,0.07,0.38,0.0,-,1,6,0.436,39
0,GOOGL240531C00140000,2024-04-12 10:57AM EDT,140.0,20.27,19.6,21.1,0.0,-,1,0,0.45530000000000004,46
1,GOOGL240531C00145000,2024-04-12 12:32PM EDT,145.0,16.47,15.9,16.8,0.0,-,1,1,0.41359999999999997,46
2,GOOGL240531C00150000,2024-04-12 11:05AM EDT,150.0,12.49,12.4,12.7,0.0,-,1,5,0.3716,46
3,GOOGL240531C00155000,2024-04-12 3:20PM EDT,155.0,9.33,9.3,9.55,-0.92,-8.98%,10,20,0.3588,46
4,GOOGL240531C00160000,2024-04-12 3:59PM EDT,160.0,6.9,6.75,6.95,-0.75,-9.80%,17,15,0.3497,46
5,GOOGL240531C00165000,2024-04-12 3:54PM EDT,165.0,4.7,4.7,4.85,-0.97,-17.11%,7,3,0.34130000000000005,46
6,GOOGL240531C00170000,2024-04-12 2:27PM EDT,170.0,3.25,2.31,4.2,-0.15,-4.41%,3,1,0.3818,46
7,GOOGL240531C00175000,2024-04-12 2:27PM EDT,175.0,2.33,1.98,2.28,0.24,+11.48%,22,3,0.34,46
8,GOOGL240531C00180000,2024-04-12 12:53PM EDT,180.0,1.35,0.56,1.6,-0.2,-12.90%,11,0,0.3467,46
9,GOOGL240531C00185000,2024-04-12 3:54PM EDT,185.0,0.85,0.85,1.58,0.0,-,1,3,0.391,46
10,GOOGL240531C00190000,2024-04-12 11:31AM EDT,190.0,0.61,0.55,2.28,0.0,-,1,2,0.4863,46
11,GOOGL240531C00195000,2024-04-12 11:19AM EDT,195.0,0.48,0.37,2.21,0.0,-,45,0,0.5242,46
0,GOOGL240621C00005000,2024-04-12 10:43AM EDT,5.0,153.36,152.4,153.15,11.6,+8.18%,2,5,3.0469,67
1,GOOGL240621C00035000,2024-03-19 3:37PM EDT,35.0,112.23,122.75,123.45,0.0,-,2,1,1.6797,67
2,GOOGL240621C00040000,2024-02-05 4:51PM EDT,40.0,104.8,90.05,93.6,0.0,-,1,158,0.0,67
3,GOOGL240621C00045000,2024-02-06 1:23PM EDT,45.0,99.91,89.5,92.5,0.0,-,1,41,0.0,67
4,GOOGL240621C00050000,2024-04-01 10:23AM EDT,50.0,105.7,107.9,109.45,0.0,-,1,181,1.5219999999999998,67
5,GOOGL240621C00055000,2024-04-10 10:25AM EDT,55.0,101.1,102.95,103.7,0.0,-,4,259,1.2905000000000002,67
6,GOOGL240621C00056000,2024-03-27 10:48AM EDT,56.0,94.5,100.35,102.7,0.0,-,2,235,1.3897,67
7,GOOGL240621C00057000,2023-03-15 12:03PM EDT,57.0,42.65,54.2,58.0,0.0,-,2,77,0.0,67
8,GOOGL240621C00058000,2023-11-16 10:30AM EDT,58.0,79.45,75.65,76.85,0.0,-,1,118,0.0,67
9,GOOGL240621C00059000,2024-02-09 11:15AM EDT,59.0,89.3,76.75,78.35,0.0,-,1,119,0.0,67
10,GOOGL240621C00060000,2024-04-10 9:34AM EDT,60.0,96.0,97.4,99.55,0.0,-,1,492,1.2407,67
11,GOOGL240621C00061000,2024-04-02 10:01AM EDT,61.0,92.1,97.05,97.8,0.0,-,1,39,1.2061,67
12,GOOGL240621C00062000,2023-07-26 2:11PM EDT,62.0,71.25,68.8,73.5,0.0,-,1,56,0.0,67
13,GOOGL240621C00062500,2023-06-20 2:51PM EDT,62.5,62.5,58.0,63.0,0.0,-,1,64,0.0,67
14,GOOGL240621C00063000,2023-08-08 10:27AM EDT,63.0,71.0,73.2,76.1,0.0,-,1,85,0.0,67
15,GOOGL240621C00064000,2023-03-20 10:57AM EDT,64.0,43.0,42.5,46.9,0.0,-,1,161,0.0,67
16,GOOGL240621C00065000,2024-04-10 10:24AM EDT,65.0,91.2,92.15,93.8,0.0,-,1,79,0.9561,67
17,GOOGL240621C00066000,2024-03-21 11:38AM EDT,66.0,82.54,92.1,93.7,0.0,-,1,60,1.2334,67
18,GOOGL240621C00067000,2024-03-04 11:32AM EDT,67.0,67.28,87.45,89.35,0.0,-,10,126,0.0,67
19,GOOGL240621C00067500,2023-07-13 2:13PM EDT,67.5,59.67,63.5,68.5,0.0,-,1,34,0.0,67
20,GOOGL240621C00068000,2024-03-28 1:23PM EDT,68.0,83.56,90.1,90.85,0.0,-,5,44,1.0937999999999999,67
21,GOOGL240621C00069000,2023-06-16 12:47PM EDT,69.0,60.25,58.0,63.0,0.0,-,16,68,0.0,67
22,GOOGL240621C00070000,2024-04-10 10:21AM EDT,70.0,86.44,88.15,88.9,0.0,-,2,487,1.0732,67
23,GOOGL240621C00071000,2024-01-18 2:48PM EDT,71.0,73.67,70.25,71.5,0.0,-,60,305,0.0,67
24,GOOGL240621C00072000,2024-02-09 11:16AM EDT,72.0,76.9,64.0,65.55,0.0,-,1,234,0.0,67
25,GOOGL240621C00072500,2023-12-22 1:44PM EDT,72.5,71.02,77.4,80.15,0.0,-,1,0,0.0,67
26,GOOGL240621C00073000,2024-02-20 12:21PM EDT,73.0,70.3,73.95,77.35,0.0,-,8,35,0.0,67
27,GOOGL240621C00074000,2024-03-25 3:25PM EDT,74.0,76.85,82.55,84.9,0.0,-,1,139,1.0889,67
28,GOOGL240621C00075000,2024-04-01 1:41PM EDT,75.0,80.77,82.25,83.95,0.0,-,1,301,0.8662000000000001,67
29,GOOGL240621C00076000,2024-03-14 1:32PM EDT,76.0,67.6,82.2,82.85,0.0,-,20,95,0.9761,67
30,GOOGL240621C00077000,2024-02-08 11:10AM EDT,77.0,70.3,59.05,60.65,0.0,-,2,387,0.0,67
31,GOOGL240621C00077500,2023-07-18 1:17PM EDT,77.5,51.21,55.05,60.0,0.0,-,66,79,0.0,67
32,GOOGL240621C00078000,2023-07-18 1:18PM EDT,78.0,50.8,54.55,59.5,0.0,-,48,161,0.0,67
33,GOOGL240621C00079000,2024-02-07 12:56PM EDT,79.0,68.0,57.05,58.7,0.0,-,1,179,0.0,67
34,GOOGL240621C00080000,2024-04-02 1:54PM EDT,80.0,74.77,78.25,79.0,0.0,-,1,558,0.937,67
35,GOOGL240621C00081000,2024-02-20 11:30AM EDT,81.0,61.12,65.65,69.5,0.0,-,43,303,0.0,67
36,GOOGL240621C00082000,2024-01-18 1:22PM EDT,82.0,63.45,58.5,61.75,0.0,-,40,17,0.0,67
37,GOOGL240621C00082500,2023-06-27 12:10PM EDT,82.5,41.83,52.0,57.0,0.0,-,1,31,0.0,67
38,GOOGL240621C00083000,2023-08-23 10:33AM EDT,83.0,55.1,49.75,54.05,0.0,-,1,50,0.0,67
39,GOOGL240621C00084000,2024-02-15 11:21AM EDT,84.0,59.95,56.85,60.25,0.0,-,1,272,0.0,67
40,GOOGL240621C00085000,2024-04-05 1:14PM EDT,85.0,68.8,73.3,74.0,0.0,-,2,222,0.8687,67
41,GOOGL240621C00086000,2024-01-24 11:51AM EDT,86.0,65.5,58.1,61.2,0.0,-,4,178,0.0,67
42,GOOGL240621C00087000,2024-02-16 11:02AM EDT,87.0,55.8,53.9,57.3,0.0,-,51,210,0.0,67
43,GOOGL240621C00087500,2024-03-26 11:34AM EDT,87.5,64.75,70.85,71.6,0.0,-,1,179,0.8472,67
44,GOOGL240621C00088000,2024-03-20 11:01AM EDT,88.0,60.82,70.35,71.1,0.0,-,1,75,0.8401000000000001,67
45,GOOGL240621C00089000,2023-11-20 12:58PM EDT,89.0,50.48,51.55,53.15,0.0,-,4,113,0.0,67
46,GOOGL240621C00090000,2024-04-12 11:31AM EDT,90.0,69.5,68.35,69.1,1.5,+2.21%,9,1099,0.8125,67
47,GOOGL240621C00091000,2024-03-04 11:12AM EDT,91.0,44.29,63.8,65.7,0.0,-,2,311,0.0,67
48,GOOGL240621C00092000,2024-01-23 11:49AM EDT,92.0,57.01,53.0,53.9,0.0,-,240,387,0.0,67
49,GOOGL240621C00092500,2024-04-01 9:30AM EDT,92.5,59.33,65.9,66.7,0.0,-,10,162,0.7909999999999999,67
50,GOOGL240621C00093000,2024-04-01 9:30AM EDT,93.0,58.81,65.45,66.1,0.0,-,10,612,0.78,67
51,GOOGL240621C00094000,2024-04-08 9:30AM EDT,94.0,60.0,64.45,65.2,0.0,-,5,167,0.7746999999999999,67
52,GOOGL240621C00095000,2024-04-05 1:03PM EDT,95.0,59.3,63.45,64.2,0.0,-,4,779,0.7612000000000001,67
53,GOOGL240621C00096000,2024-04-01 3:59PM EDT,96.0,60.65,62.45,63.15,0.0,-,1,418,0.7441,67
54,GOOGL240621C00097000,2024-03-14 10:59AM EDT,97.0,47.0,61.5,62.25,0.0,-,1,475,0.7424,67
55,GOOGL240621C00097500,2024-03-18 10:25AM EDT,97.5,55.2,61.05,61.75,0.0,-,2,441,0.7395,67
56,GOOGL240621C00098000,2024-03-12 1:39PM EDT,98.0,42.67,62.15,62.85,0.0,-,1,565,0.9159,67
57,GOOGL240621C00099000,2024-03-27 3:56PM EDT,99.0,53.07,59.55,60.3,0.0,-,4,224,0.7236,67
58,GOOGL240621C00100000,2024-04-11 1:20PM EDT,100.0,60.0,58.6,60.15,0.0,-,208,2313,0.7678,67
59,GOOGL240621C00102500,2024-04-11 3:30PM EDT,102.5,58.0,56.15,56.8,0.0,-,1,663,0.6853,67
60,GOOGL240621C00105000,2024-04-11 11:56AM EDT,105.0,54.25,53.65,54.35,0.0,-,200,3051,0.657,67
61,GOOGL240621C00107500,2024-04-11 12:48PM EDT,107.5,52.0,51.25,51.95,0.0,-,1,944,0.6379,67
62,GOOGL240621C00110000,2024-04-12 2:59PM EDT,110.0,48.7,48.75,49.45,2.33,+5.02%,1,3482,0.6072,67
63,GOOGL240621C00112500,2024-04-11 3:47PM EDT,112.5,48.4,46.35,47.1,0.0,-,1,1173,0.5903,67
64,GOOGL240621C00115000,2024-04-11 1:48PM EDT,115.0,45.4,43.9,44.7,0.0,-,5,1966,0.5674,67
65,GOOGL240621C00117500,2024-04-12 3:40PM EDT,117.5,41.47,41.5,42.25,1.25,+3.11%,6,5670,0.5444,67
66,GOOGL240621C00120000,2024-04-12 3:42PM EDT,120.0,39.22,38.1,39.85,-1.5,-3.68%,8,8290,0.5546,67
67,GOOGL240621C00122500,2024-04-12 12:49PM EDT,122.5,36.75,35.75,38.35,0.5,+1.38%,2,3254,0.5953,67
68,GOOGL240621C00125000,2024-04-12 3:00PM EDT,125.0,34.35,34.6,35.1,-1.82,-5.03%,7,5974,0.5111,67
69,GOOGL240621C00127500,2024-04-11 3:40PM EDT,127.5,34.05,32.3,32.55,0.0,-,1,2772,0.47659999999999997,67
70,GOOGL240621C00130000,2024-04-12 3:48PM EDT,130.0,30.1,30.0,30.25,-1.4,-4.44%,19,7710,0.45899999999999996,67
71,GOOGL240621C00132500,2024-04-12 11:19AM EDT,132.5,28.15,27.75,28.25,-1.07,-3.66%,10,3022,0.4581,67
72,GOOGL240621C00135000,2024-04-12 3:58PM EDT,135.0,25.54,25.55,25.75,-1.38,-5.13%,18,4507,0.426,67
73,GOOGL240621C00137500,2024-04-12 1:05PM EDT,137.5,23.33,23.35,23.65,-1.63,-6.53%,11,8115,0.4153,67
74,GOOGL240621C00140000,2024-04-12 3:06PM EDT,140.0,21.15,21.3,21.5,-1.65,-7.24%,81,10622,0.3997,67
75,GOOGL240621C00142500,2024-04-12 2:28PM EDT,142.5,19.15,19.05,19.45,-1.53,-7.40%,29,5056,0.3868,67
76,GOOGL240621C00145000,2024-04-12 2:55PM EDT,145.0,17.18,17.35,17.55,-1.56,-8.32%,160,7537,0.37810000000000005,67
77,GOOGL240621C00147500,2024-04-12 3:47PM EDT,147.5,15.5,15.5,15.7,-1.35,-8.01%,71,10126,0.3685,67
78,GOOGL240621C00150000,2024-04-12 3:53PM EDT,150.0,13.7,13.8,14.0,-1.25,-8.36%,505,10279,0.3618,67
79,GOOGL240621C00152500,2024-04-12 3:46PM EDT,152.5,12.15,12.2,12.35,-1.1,-8.30%,28,4556,0.35359999999999997,67
80,GOOGL240621C00155000,2024-04-12 3:13PM EDT,155.0,10.5,10.7,10.85,-1.18,-10.10%,425,13404,0.3477,67
81,GOOGL240621C00157500,2024-04-12 3:58PM EDT,157.5,9.35,9.35,9.45,-0.92,-8.96%,348,9172,0.3417,67
82,GOOGL240621C00160000,2024-04-12 3:55PM EDT,160.0,8.09,8.1,8.2,-0.78,-8.79%,1378,14341,0.33740000000000003,67
83,GOOGL240621C00162500,2024-04-12 3:57PM EDT,162.5,6.9,6.95,7.05,-0.8,-10.39%,126,4443,0.33299999999999996,67
84,GOOGL240621C00165000,2024-04-12 3:48PM EDT,165.0,5.95,5.9,6.05,-0.56,-8.60%,419,13393,0.33020000000000005,67
85,GOOGL240621C00170000,2024-04-12 2:58PM EDT,170.0,4.22,4.2,4.3,-0.48,-10.21%,440,21968,0.3225,67
86,GOOGL240621C00175000,2024-04-12 3:17PM EDT,175.0,2.92,2.96,3.05,-0.35,-10.70%,48,7967,0.32020000000000004,67
87,GOOGL240621C00180000,2024-04-12 3:20PM EDT,180.0,2.05,1.96,2.07,-0.21,-9.29%,219,7314,0.31579999999999997,67
88,GOOGL240621C00185000,2024-04-12 3:08PM EDT,185.0,1.38,1.36,1.46,-0.13,-8.61%,368,5058,0.3184,67
89,GOOGL240621C00190000,2024-04-12 3:17PM EDT,190.0,0.95,0.93,1.02,-0.07,-6.86%,276,2604,0.3208,67
90,GOOGL240621C00195000,2024-04-12 12:19PM EDT,195.0,0.69,0.65,0.69,-0.02,-2.82%,22,6023,0.3215,67
91,GOOGL240621C00200000,2024-04-12 2:58PM EDT,200.0,0.48,0.46,0.5,-0.03,-5.88%,11103,13829,0.3276,67
92,GOOGL240621C00205000,2024-04-12 1:02PM EDT,205.0,0.36,0.31,0.41,0.01,+2.86%,16,1221,0.3408,67
93,GOOGL240621C00210000,2024-04-12 10:32AM EDT,210.0,0.29,0.23,0.34,0.06,+26.09%,5,2347,0.35350000000000004,67
94,GOOGL240621C00215000,2024-04-12 12:06PM EDT,215.0,0.2,0.19,0.28,-0.05,-20.00%,1,1341,0.36479999999999996,67
95,GOOGL240621C00220000,2024-04-11 3:59PM EDT,220.0,0.17,0.13,0.23,0.0,-,628,1853,0.375,67
96,GOOGL240621C00225000,2024-04-11 2:17PM EDT,225.0,0.14,0.1,0.15,0.0,-,408,14984,0.3721,67
97,GOOGL240621C00230000,2024-04-10 10:09AM EDT,230.0,0.11,0.1,0.17,0.0,-,1,965,0.39799999999999996,67
98,GOOGL240621C00235000,2024-04-12 10:38AM EDT,235.0,0.06,0.07,0.15,-0.01,-14.29%,1,864,0.4097,67
99,GOOGL240621C00240000,2024-04-08 3:35PM EDT,240.0,0.08,0.06,0.08,0.0,-,220,1628,0.39549999999999996,67
100,GOOGL240621C00245000,2024-04-09 9:41AM EDT,245.0,0.05,0.05,0.12,0.0,-,100,252,0.4326,67
101,GOOGL240621C00250000,2024-04-09 10:07AM EDT,250.0,0.05,0.02,0.11,0.0,-,200,410,0.4443,67
102,GOOGL240621C00255000,2024-04-10 1:25PM EDT,255.0,0.03,0.02,0.1,0.0,-,2,1455,0.4561,67
103,GOOGL240621C00260000,2024-04-05 10:03AM EDT,260.0,0.05,0.01,0.09,0.0,-,5,1512,0.4658,67
104,GOOGL240621C00265000,2024-04-12 1:30PM EDT,265.0,0.03,0.01,0.08,0.01,+50.00%,24,5554,0.4746,67
105,GOOGL240621C01120000,2022-07-05 2:22PM EDT,1120.0,1233.0,0.0,0.0,0.0,-,2,2,0.5,67
106,GOOGL240621C01200000,2022-07-15 10:13AM EDT,1200.0,1173.55,0.0,0.0,0.0,-,1,18,0.5,67
107,GOOGL240621C01250000,2022-06-21 1:40PM EDT,1250.0,1133.68,0.0,0.0,0.0,-,-,1,0.5,67
108,GOOGL240621C01280000,2022-06-23 2:50PM EDT,1280.0,1092.16,0.0,0.0,0.0,-,-,0,0.5,67
109,GOOGL240621C01300000,2022-06-21 10:41AM EDT,1300.0,1085.3,0.0,0.0,0.0,-,-,0,0.5,67
110,GOOGL240621C01350000,2022-06-21 10:40AM EDT,1350.0,1048.6,0.0,0.0,0.0,-,2,0,0.5,67
111,GOOGL240621C01400000,2022-06-17 12:06PM EDT,1400.0,911.46,996.0,1015.0,0.0,-,2,0,0.0,67
112,GOOGL240621C01450000,2022-06-21 9:56AM EDT,1450.0,956.94,0.0,0.0,0.0,-,2,0,0.5,67
113,GOOGL240621C01500000,2022-07-06 2:51PM EDT,1500.0,979.01,0.0,0.0,0.0,-,1,1,0.5,67
114,GOOGL240621C01550000,2022-06-21 12:55PM EDT,1550.0,907.23,0.0,0.0,0.0,-,4,0,0.5,67
115,GOOGL240621C01600000,2022-06-21 10:38AM EDT,1600.0,866.21,0.0,0.0,0.0,-,-,0,0.5,67
116,GOOGL240621C01650000,2022-06-17 12:09PM EDT,1650.0,739.24,811.5,830.5,0.0,-,2,0,0.0,67
117,GOOGL240621C01660000,2022-06-30 10:46AM EDT,1660.0,750.45,0.0,0.0,0.0,-,-,1,0.5,67
118,GOOGL240621C01700000,2022-07-13 2:26PM EDT,1700.0,793.28,0.0,0.0,0.0,-,1,2,0.5,67
119,GOOGL240621C01750000,2022-06-17 1:51PM EDT,1750.0,699.19,743.0,762.0,0.0,-,2,1,0.0,67
120,GOOGL240621C01800000,2022-06-21 10:26AM EDT,1800.0,729.5,0.0,0.0,0.0,-,-,3,0.5,67
121,GOOGL240621C01850000,2022-07-11 12:54PM EDT,1850.0,764.45,0.0,0.0,0.0,-,-,1,0.5,67
122,GOOGL240621C01860000,2022-06-30 10:10AM EDT,1860.0,610.36,0.0,0.0,0.0,-,-,1,0.5,67
123,GOOGL240621C01900000,2022-07-15 3:49PM EDT,1900.0,649.81,0.0,0.0,0.0,-,8,13,0.5,67
124,GOOGL240621C01920000,2022-07-11 1:51PM EDT,1920.0,720.75,0.0,0.0,0.0,-,-,3,0.5,67
125,GOOGL240621C01950000,2022-07-15 3:49PM EDT,1950.0,619.36,0.0,0.0,0.0,-,8,9,0.5,67
126,GOOGL240621C01980000,2022-06-23 1:46PM EDT,1980.0,592.02,0.0,0.0,0.0,-,-,1,0.5,67
127,GOOGL240621C02000000,2022-07-15 2:51PM EDT,2000.0,595.0,0.0,0.0,0.0,-,6,11,0.5,67
128,GOOGL240621C02050000,2022-07-14 2:34PM EDT,2050.0,555.74,0.0,0.0,0.0,-,1,1,0.5,67
129,GOOGL240621C02100000,2022-07-13 11:31AM EDT,2100.0,560.0,0.0,0.0,0.0,-,2,6,0.5,67
130,GOOGL240621C02150000,2022-07-12 2:29PM EDT,2150.0,568.41,0.0,0.0,0.0,-,1,3,0.5,67
131,GOOGL240621C02200000,2022-07-15 10:13AM EDT,2200.0,493.55,0.0,0.0,0.0,-,1,5,0.5,67
132,GOOGL240621C02250000,2022-07-13 3:25PM EDT,2250.0,470.0,0.0,0.0,0.0,-,1,7,0.5,67
133,GOOGL240621C02300000,2022-07-15 11:46AM EDT,2300.0,445.5,0.0,0.0,0.0,-,5,12,0.5,67
134,GOOGL240621C02350000,2022-07-14 10:30AM EDT,2350.0,390.0,0.0,0.0,0.0,-,1,12,0.5,67
135,GOOGL240621C02400000,2022-07-15 1:40PM EDT,2400.0,396.0,0.0,0.0,0.0,-,3,7,0.5,67
136,GOOGL240621C02450000,2022-07-11 10:26AM EDT,2450.0,439.72,0.0,0.0,0.0,-,2,4,0.5,67
137,GOOGL240621C02500000,2022-07-13 2:20PM EDT,2500.0,356.41,0.0,0.0,0.0,-,1,6,0.5,67
138,GOOGL240621C02600000,2022-07-14 10:33AM EDT,2600.0,293.6,0.0,0.0,0.0,-,3,5,0.5,67
139,GOOGL240621C02650000,2022-07-15 10:11AM EDT,2650.0,302.0,0.0,0.0,0.0,-,1,2,0.5,67
140,GOOGL240621C02700000,2022-06-23 12:29PM EDT,2700.0,286.64,0.0,0.0,0.0,-,-,32,0.5,67
141,GOOGL240621C02800000,2022-07-13 3:45PM EDT,2800.0,250.0,0.0,0.0,0.0,-,1,4,0.5,67
142,GOOGL240621C02950000,2022-06-22 11:45AM EDT,2950.0,226.22,0.0,0.0,0.0,-,-,6,0.5,67
143,GOOGL240621C03000000,2022-07-15 3:53PM EDT,3000.0,193.0,0.0,0.0,0.0,-,4,14,0.5,67
144,GOOGL240621C03050000,2022-07-14 1:40PM EDT,3050.0,178.68,0.0,0.0,0.0,-,1,2,0.5,67
145,GOOGL240621C03100000,2022-07-15 3:46PM EDT,3100.0,174.0,0.0,0.0,0.0,-,1,41,0.5,67
146,GOOGL240621C03150000,2022-07-15 12:49PM EDT,3150.0,164.0,0.0,0.0,0.0,-,1,6,0.5,67
147,GOOGL240621C03200000,2022-07-15 3:11PM EDT,3200.0,152.18,0.0,0.0,0.0,-,2,4,0.5,67
148,GOOGL240621C03250000,2022-07-08 1:53PM EDT,3250.0,200.0,0.0,0.0,0.0,-,1,4,0.5,67
149,GOOGL240621C03300000,2022-07-01 2:38PM EDT,3300.0,111.34,0.0,0.0,0.0,-,1,6,0.5,67
150,GOOGL240621C03400000,2022-07-15 2:45PM EDT,3400.0,121.4,0.0,0.0,0.0,-,2,34,0.5,67
151,GOOGL240621C03500000,2022-07-14 3:39PM EDT,3500.0,105.5,0.0,0.0,0.0,-,5,41,0.5,67
0,GOOGL240719C00070000,2024-03-04 12:15PM EDT,70.0,63.5,85.7,86.5,0.0,-,1,4,0.0,95
1,GOOGL240719C00075000,2023-12-28 1:41PM EDT,75.0,67.86,77.75,80.9,0.0,-,1,3,0.0,95
2,GOOGL240719C00080000,2024-04-09 10:19AM EDT,80.0,78.48,78.6,79.25,-0.71,-0.90%,2,13,0.8391,95
3,GOOGL240719C00085000,2024-04-11 2:08PM EDT,85.0,75.5,72.75,74.4,0.0,-,1,13,0.72,95
4,GOOGL240719C00090000,2024-04-09 10:18AM EDT,90.0,69.01,68.8,69.5,0.0,-,8,10,0.7417,95
5,GOOGL240719C00095000,2024-04-09 10:17AM EDT,95.0,64.31,63.9,64.6,0.0,-,2,84,0.6929000000000001,95
6,GOOGL240719C00100000,2024-04-11 10:15AM EDT,100.0,58.41,59.0,59.75,0.0,-,36,48,0.6475,95
7,GOOGL240719C00105000,2024-04-12 10:36AM EDT,105.0,55.13,54.15,54.9,2.09,+3.94%,25,74,0.6049,95
8,GOOGL240719C00110000,2024-04-10 3:55PM EDT,110.0,48.18,48.3,50.1,0.0,-,24,41,0.5214,95
9,GOOGL240719C00115000,2024-04-12 10:36AM EDT,115.0,45.48,43.55,45.3,2.02,+4.65%,5,181,0.5525,95
10,GOOGL240719C00120000,2024-04-12 12:40PM EDT,120.0,40.44,39.8,40.55,1.89,+4.90%,1,362,0.5125,95
11,GOOGL240719C00125000,2024-04-11 1:49PM EDT,125.0,36.6,35.45,35.7,0.0,-,7,339,0.4657,95
12,GOOGL240719C00130000,2024-04-12 1:29PM EDT,130.0,30.57,28.95,31.4,-1.33,-4.17%,13,716,0.4461,95
13,GOOGL240719C00135000,2024-04-12 2:42PM EDT,135.0,26.55,26.35,26.8,-1.35,-4.84%,28,774,0.4072,95
14,GOOGL240719C00140000,2024-04-12 3:56PM EDT,140.0,22.35,22.45,22.65,-1.35,-5.70%,138,2722,0.3836,95
15,GOOGL240719C00145000,2024-04-12 2:38PM EDT,145.0,18.54,18.4,18.8,-1.36,-6.83%,25,2039,0.3641,95
16,GOOGL240719C00150000,2024-04-12 3:18PM EDT,150.0,14.96,15.15,15.35,-1.32,-8.11%,230,3033,0.34990000000000004,95
17,GOOGL240719C00155000,2024-04-12 3:54PM EDT,155.0,12.1,12.1,12.25,-0.9,-6.92%,129,4099,0.3372,95
18,GOOGL240719C00160000,2024-04-12 3:45PM EDT,160.0,9.55,9.5,9.6,-0.7,-6.83%,452,3362,0.32770000000000005,95
19,GOOGL240719C00165000,2024-04-12 3:56PM EDT,165.0,7.25,7.25,7.4,-0.65,-8.23%,404,3212,0.3211,95
20,GOOGL240719C00170000,2024-04-12 3:49PM EDT,170.0,5.45,5.4,5.5,-0.45,-7.63%,48,2857,0.3125,95
21,GOOGL240719C00175000,2024-04-12 3:53PM EDT,175.0,3.97,4.0,4.1,-0.37,-8.53%,146,2194,0.3093,95
22,GOOGL240719C00180000,2024-04-12 3:04PM EDT,180.0,2.88,2.91,2.97,-0.37,-11.38%,375,1083,0.3053,95
23,GOOGL240719C00185000,2024-04-12 3:02PM EDT,185.0,2.06,2.07,2.14,-0.16,-7.21%,39,938,0.3034,95
24,GOOGL240719C00190000,2024-04-12 3:15PM EDT,190.0,1.48,1.47,1.53,-0.17,-10.30%,65,1448,0.3024,95
25,GOOGL240719C00195000,2024-04-12 1:31PM EDT,195.0,1.11,1.04,1.1,-0.05,-4.31%,12,225,0.303,95
26,GOOGL240719C00200000,2024-04-12 3:58PM EDT,200.0,0.78,0.77,0.82,-0.09,-10.34%,92,2282,0.3069,95
27,GOOGL240719C00210000,2024-04-12 2:25PM EDT,210.0,0.48,0.38,0.5,0.04,+9.09%,74,352,0.3196,95
28,GOOGL240719C00220000,2024-04-11 11:04AM EDT,220.0,0.27,0.23,0.35,0.0,-,27,201,0.3381,95
29,GOOGL240719C00230000,2024-04-12 11:44AM EDT,230.0,0.21,0.15,0.28,0.02,+10.53%,75,627,0.3613,95
0,GOOGL240816C00025000,2024-02-06 11:20AM EDT,25.0,120.1,108.05,111.95,0.0,-,-,1,0.0,123
1,GOOGL240816C00040000,2024-03-13 2:39PM EDT,40.0,101.0,116.5,120.3,0.0,-,3,3,1.2564,123
2,GOOGL240816C00070000,2024-04-10 10:21AM EDT,70.0,87.06,88.7,89.4,0.0,-,2,7,0.8835,123
3,GOOGL240816C00090000,2024-03-08 4:39PM EDT,90.0,48.0,63.05,64.95,0.0,-,150,160,0.0,123
4,GOOGL240816C00100000,2024-04-11 2:43PM EDT,100.0,61.85,58.55,60.3,0.0,-,1,21,0.5747,123
5,GOOGL240816C00105000,2024-04-09 10:15AM EDT,105.0,55.04,53.75,55.5,0.0,-,4,8,0.5405,123
6,GOOGL240816C00110000,2024-04-02 2:01PM EDT,110.0,46.67,49.0,50.8,0.0,-,1,92,0.5107,123
7,GOOGL240816C00115000,2024-04-11 11:37AM EDT,115.0,45.52,45.3,47.05,0.0,-,2,116,0.5359,123
8,GOOGL240816C00120000,2024-04-09 12:50PM EDT,120.0,40.5,40.0,41.45,0.0,-,1,295,0.4974,123
9,GOOGL240816C00125000,2024-04-08 12:52PM EDT,125.0,33.8,35.2,36.85,0.0,-,1,424,0.46380000000000005,123
10,GOOGL240816C00130000,2024-04-10 9:30AM EDT,130.0,32.0,31.85,32.45,1.54,+5.06%,2,567,0.4364,123
11,GOOGL240816C00135000,2024-04-11 1:19PM EDT,135.0,28.82,28.0,28.2,0.0,-,4,4394,0.4113,123
12,GOOGL240816C00140000,2024-04-12 2:32PM EDT,140.0,24.0,24.05,24.3,-1.4,-5.51%,11,2658,0.3937,123
13,GOOGL240816C00145000,2024-04-12 3:08PM EDT,145.0,20.2,20.4,20.7,-1.38,-6.39%,35,6108,0.3796,123
14,GOOGL240816C00150000,2024-04-12 3:59PM EDT,150.0,17.05,17.05,17.2,-1.12,-6.16%,43,1958,0.3618,123
15,GOOGL240816C00155000,2024-04-12 2:42PM EDT,155.0,14.04,14.05,14.2,-0.96,-6.40%,34,1326,0.35090000000000005,123
16,GOOGL240816C00160000,2024-04-12 3:59PM EDT,160.0,11.45,11.4,11.55,-0.8,-6.53%,165,1075,0.3417,123
17,GOOGL240816C00165000,2024-04-12 3:53PM EDT,165.0,9.05,9.1,9.25,-0.8,-8.12%,146,7015,0.3337,123
18,GOOGL240816C00170000,2024-04-12 2:54PM EDT,170.0,7.21,7.2,7.35,-0.54,-6.97%,331,1718,0.3284,123
19,GOOGL240816C00175000,2024-04-12 1:59PM EDT,175.0,5.65,5.6,5.75,-0.35,-5.83%,19,1319,0.3236,123
20,GOOGL240816C00180000,2024-04-12 3:08PM EDT,180.0,4.36,4.35,4.45,-0.28,-6.03%,481,3902,0.3197,123
21,GOOGL240816C00185000,2024-04-12 11:00AM EDT,185.0,3.35,3.3,3.45,-0.21,-5.90%,109,782,0.3182,123
22,GOOGL240816C00190000,2024-04-12 10:46AM EDT,190.0,2.66,2.54,2.62,-0.07,-2.56%,27,1322,0.3157,123
23,GOOGL240816C00195000,2024-04-12 9:59AM EDT,195.0,1.94,1.79,2.0,-0.12,-5.83%,181,475,0.315,123
24,GOOGL240816C00200000,2024-04-12 10:45AM EDT,200.0,1.51,1.43,1.53,-0.06,-3.82%,28,708,0.3153,123
25,GOOGL240816C00205000,2024-04-12 2:43PM EDT,205.0,1.18,1.08,1.18,0.16,+15.69%,4,189,0.31670000000000004,123
26,GOOGL240816C00210000,2024-04-11 3:25PM EDT,210.0,0.92,0.83,0.92,0.0,-,10,96,0.319,123
27,GOOGL240816C00215000,2024-04-11 10:19AM EDT,215.0,0.64,0.69,0.73,0.0,-,2,131,0.3225,123
28,GOOGL240816C00220000,2024-03-19 9:30AM EDT,220.0,0.58,0.56,0.59,0.0,-,1,100,0.32689999999999997,123
29,GOOGL240816C00225000,2024-04-11 12:27PM EDT,225.0,0.45,0.44,0.55,0.0,-,1,70,0.3396,123
30,GOOGL240816C00230000,2024-02-27 12:07PM EDT,230.0,0.2,0.31,0.4,0.0,-,5,16,0.3369,123
31,GOOGL240816C00235000,2024-03-12 12:31PM EDT,235.0,0.24,0.29,0.41,0.0,-,-,1,0.3538,123
32,GOOGL240816C00240000,2024-04-02 10:03AM EDT,240.0,0.27,0.23,0.39,0.0,-,10,11,0.3657,123
33,GOOGL240816C00245000,2024-04-04 2:35PM EDT,245.0,0.26,0.2,0.33,0.0,-,1,1,0.3701,123
34,GOOGL240816C00250000,2024-04-11 2:27PM EDT,250.0,0.2,0.17,0.3,0.0,-,2,8,0.3784,123
35,GOOGL240816C00255000,2024-04-05 3:02PM EDT,255.0,0.21,0.14,0.29,0.0,-,1,267,0.3897,123
36,GOOGL240816C00260000,2024-04-08 3:34PM EDT,260.0,0.15,0.12,0.27,0.0,-,200,43,0.39840000000000003,123
37,GOOGL240816C00265000,2024-04-11 12:03PM EDT,265.0,0.13,0.1,0.25,0.0,-,1,32,0.4067,123
38,GOOGL240816C00270000,2024-04-10 9:30AM EDT,270.0,0.1,0.08,0.23,0.0,-,4,13,0.41409999999999997,123
39,GOOGL240816C00275000,2024-04-12 1:58PM EDT,275.0,0.13,0.07,0.13,0.0,-,33,1516,0.39549999999999996,123
0,GOOGL240920C00025000,2024-03-21 9:30AM EDT,25.0,125.18,131.9,133.7,0.0,-,1,105,1.082,158
1,GOOGL240920C00030000,2023-04-10 12:05PM EDT,30.0,78.34,81.05,86.0,0.0,-,2,136,0.0,158
2,GOOGL240920C00035000,2023-04-14 2:19PM EDT,35.0,75.73,82.5,87.5,0.0,-,2,5,0.0,158
3,GOOGL240920C00040000,2023-12-28 2:22PM EDT,40.0,102.25,111.6,115.6,0.0,-,1,4,0.0,158
4,GOOGL240920C00045000,2023-09-18 10:19AM EDT,45.0,96.78,95.55,97.75,0.0,-,5,24,0.0,158
5,GOOGL240920C00050000,2024-03-21 9:30AM EDT,50.0,100.92,108.5,109.25,0.0,-,1,38,1.0378,158
6,GOOGL240920C00055000,2024-01-30 10:36AM EDT,55.0,99.97,0.0,0.0,0.0,-,1,81,0.0,158
7,GOOGL240920C00060000,2024-01-17 10:53AM EDT,60.0,82.69,82.8,83.85,0.0,-,3,78,0.0,158
8,GOOGL240920C00065000,2024-03-06 4:12PM EDT,65.0,68.38,88.65,89.5,0.0,-,150,212,0.0,158
9,GOOGL240920C00070000,2024-03-18 9:32AM EDT,70.0,82.1,89.05,89.85,0.0,-,4,336,0.8286,158
10,GOOGL240920C00075000,2024-02-29 11:55AM EDT,75.0,64.4,76.45,79.6,0.0,-,1,163,0.0,158
11,GOOGL240920C00080000,2024-03-26 10:30AM EDT,80.0,73.0,79.3,80.25,0.0,-,4,681,0.7402,158
12,GOOGL240920C00085000,2024-04-12 1:30PM EDT,85.0,74.45,73.6,75.3,18.81,+33.81%,10,340,0.6555,158
13,GOOGL240920C00090000,2024-04-12 1:40PM EDT,90.0,69.8,69.65,70.55,0.87,+1.26%,16,568,0.6566,158
14,GOOGL240920C00095000,2024-03-22 10:49AM EDT,95.0,59.0,64.85,65.75,0.0,-,10,200,0.6188,158
15,GOOGL240920C00100000,2024-04-08 11:48AM EDT,100.0,57.55,59.2,61.95,0.0,-,1,197,0.5858,158
16,GOOGL240920C00105000,2024-04-09 2:28PM EDT,105.0,53.98,54.4,56.3,0.0,-,2,421,0.5236999999999999,158
17,GOOGL240920C00110000,2024-04-12 3:14PM EDT,110.0,50.72,49.9,52.5,4.22,+9.08%,2,320,0.5223,158
18,GOOGL240920C00115000,2024-04-12 2:00PM EDT,115.0,46.3,46.05,46.75,-1.7,-3.54%,1,529,0.5001,158
19,GOOGL240920C00120000,2024-04-12 12:01PM EDT,120.0,42.84,39.95,42.25,1.99,+4.87%,2,813,0.4731,158
20,GOOGL240920C00125000,2024-04-11 3:59PM EDT,125.0,39.0,37.5,38.1,0.0,-,11,3842,0.4572,158
21,GOOGL240920C00130000,2024-04-12 1:17PM EDT,130.0,33.4,33.25,33.45,0.55,+1.67%,1,2439,0.4204,158
22,GOOGL240920C00135000,2024-04-12 2:01PM EDT,135.0,29.08,29.2,29.4,-1.22,-4.03%,14,3421,0.4014,158
23,GOOGL240920C00140000,2024-04-12 12:12PM EDT,140.0,26.02,25.35,25.55,-0.28,-1.06%,26,6856,0.38420000000000004,158
24,GOOGL240920C00145000,2024-04-12 3:52PM EDT,145.0,21.73,21.8,22.2,-1.07,-4.69%,27,4015,0.37579999999999997,158
25,GOOGL240920C00150000,2024-04-12 3:44PM EDT,150.0,18.48,18.5,18.7,-0.92,-4.74%,252,9885,0.3578,158
26,GOOGL240920C00155000,2024-04-12 3:18PM EDT,155.0,15.36,15.55,15.7,-1.04,-6.34%,16,5165,0.3467,158
27,GOOGL240920C00160000,2024-04-12 3:43PM EDT,160.0,12.88,12.9,13.05,-0.82,-5.99%,141,5885,0.33799999999999997,158
28,GOOGL240920C00165000,2024-04-12 3:45PM EDT,165.0,10.7,10.55,10.75,-0.55,-4.89%,66,4997,0.3312,158
29,GOOGL240920C00170000,2024-04-12 1:52PM EDT,170.0,8.7,8.6,8.75,-0.35,-3.87%,77,4091,0.3251,158
30,GOOGL240920C00175000,2024-04-12 1:08PM EDT,175.0,7.01,6.9,7.05,-0.39,-5.27%,139,6085,0.32,158
31,GOOGL240920C00180000,2024-04-12 2:48PM EDT,180.0,5.5,5.5,5.65,-0.4,-6.78%,179,2980,0.3164,158
32,GOOGL240920C00185000,2024-04-12 3:58PM EDT,185.0,4.35,4.35,4.5,-0.35,-7.45%,11,1695,0.31370000000000003,158
33,GOOGL240920C00190000,2024-04-12 9:59AM EDT,190.0,3.87,3.4,3.55,0.17,+4.59%,7,2257,0.31120000000000003,158
34,GOOGL240920C00195000,2024-04-12 3:15PM EDT,195.0,2.71,2.69,2.79,0.34,+14.35%,1009,2049,0.3095,158
35,GOOGL240920C00200000,2024-04-12 1:28PM EDT,200.0,2.16,2.11,2.2,-0.11,-4.85%,14,7660,0.3089,158
36,GOOGL240920C00205000,2024-04-12 9:46AM EDT,205.0,1.83,1.62,1.74,0.41,+28.87%,3,1291,0.3091,158
37,GOOGL240920C00210000,2024-04-12 3:56PM EDT,210.0,1.36,1.34,1.37,-0.04,-2.86%,92,1518,0.3093,158
38,GOOGL240920C00215000,2024-04-12 3:45PM EDT,215.0,1.09,1.08,1.12,-0.05,-4.39%,2,631,0.3125,158
39,GOOGL240920C00220000,2024-04-08 3:54PM EDT,220.0,0.78,0.87,0.95,0.0,-,10,412,0.3179,158
40,GOOGL240920C00225000,2024-04-09 9:45AM EDT,225.0,0.71,0.69,0.76,0.0,-,1,543,0.31920000000000004,158
41,GOOGL240920C00230000,2024-04-11 2:21PM EDT,230.0,0.61,0.61,0.72,0.0,-,2,565,0.3308,158
42,GOOGL240920C00235000,2024-04-09 9:52AM EDT,235.0,0.51,0.47,0.62,0.0,-,2,1050,0.33590000000000003,158
43,GOOGL240920C00240000,2024-04-03 10:26AM EDT,240.0,0.45,0.39,0.55,0.0,-,1,1507,0.34240000000000004,158
44,GOOGL240920C00245000,2024-03-18 2:10PM EDT,245.0,0.4,0.33,0.52,0.0,-,1,39,0.35229999999999995,158
45,GOOGL240920C00250000,2024-03-18 3:55PM EDT,250.0,0.37,0.28,0.42,0.0,-,3,58,0.3525,158
46,GOOGL240920C00255000,2024-04-12 10:14AM EDT,255.0,0.32,0.24,0.43,-0.03,-8.57%,3,6341,0.366,158
47,GOOGL240920C00260000,2024-04-03 11:14AM EDT,260.0,0.26,0.21,0.4,0.0,-,5,63,0.3735,158
48,GOOGL240920C00265000,2024-04-11 12:00PM EDT,265.0,0.21,0.2,0.32,0.0,-,1,1640,0.37229999999999996,158
0,GOOGL241018C00070000,2024-04-02 2:15PM EDT,70.0,86.4,89.35,90.2,0.0,-,-,20,0.7965000000000001,186
1,GOOGL241018C00085000,2024-04-12 9:30AM EDT,85.0,75.4,74.9,75.8,9.16,+13.83%,2,2,0.6738,186
2,GOOGL241018C00090000,2024-03-04 12:19PM EDT,90.0,46.2,67.5,68.5,0.0,-,2,0,0.46659999999999996,186
3,GOOGL241018C00095000,2024-03-18 9:30AM EDT,95.0,57.75,63.85,66.25,0.0,-,1,1,0.5548,186
4,GOOGL241018C00100000,2024-03-18 9:35AM EDT,100.0,55.0,59.65,61.6,0.0,-,1,9,0.5432,186
5,GOOGL241018C00105000,2024-04-04 1:26PM EDT,105.0,52.99,54.95,56.95,0.0,-,6,6,0.5146999999999999,186
6,GOOGL241018C00110000,2024-04-02 2:15PM EDT,110.0,48.55,51.35,52.3,0.0,-,1,5,0.5099,186
7,GOOGL241018C00115000,2024-04-12 11:38AM EDT,115.0,47.95,46.8,47.75,3.99,+9.08%,1,29,0.5013000000000001,186
8,GOOGL241018C00120000,2024-04-12 10:31AM EDT,120.0,43.7,42.35,43.2,3.31,+8.20%,2,51,0.47130000000000005,186
9,GOOGL241018C00125000,2024-04-12 10:04AM EDT,125.0,40.07,38.4,38.6,4.07,+11.31%,3,263,0.4385,186
10,GOOGL241018C00130000,2024-04-12 10:44AM EDT,130.0,34.93,34.2,34.45,0.88,+2.58%,2,468,0.41859999999999997,186
11,GOOGL241018C00135000,2024-04-12 1:19PM EDT,135.0,30.2,29.95,30.5,-1.15,-3.67%,16,570,0.4014,186
12,GOOGL241018C00140000,2024-04-12 1:00PM EDT,140.0,26.46,26.45,26.8,-0.29,-1.08%,6,613,0.3872,186
13,GOOGL241018C00145000,2024-04-12 11:36AM EDT,145.0,22.9,22.95,23.45,-1.07,-4.46%,3,540,0.3774,186
14,GOOGL241018C00150000,2024-04-12 3:16PM EDT,150.0,19.45,19.7,20.15,-0.8,-3.95%,23,1050,0.364,186
15,GOOGL241018C00155000,2024-04-12 2:42PM EDT,155.0,16.55,16.75,17.1,-0.84,-4.83%,11,939,0.3515,186
16,GOOGL241018C00160000,2024-04-12 2:54PM EDT,160.0,14.17,14.1,14.25,-0.66,-4.45%,15,1497,0.33840000000000003,186
17,GOOGL241018C00165000,2024-04-12 3:00PM EDT,165.0,11.7,11.75,11.9,-0.9,-7.14%,38,434,0.3311,186
18,GOOGL241018C00170000,2024-04-12 3:05PM EDT,170.0,9.73,9.7,9.9,-0.63,-6.08%,5,1145,0.326,186
19,GOOGL241018C00175000,2024-04-12 2:54PM EDT,175.0,8.05,7.95,8.2,-0.4,-4.73%,59,169,0.3224,186
20,GOOGL241018C00180000,2024-04-12 1:42PM EDT,180.0,6.53,6.5,6.65,-0.27,-3.97%,3,357,0.317,186
21,GOOGL241018C00185000,2024-04-12 2:43PM EDT,185.0,5.35,5.25,5.4,-0.25,-4.46%,5,123,0.31370000000000003,186
22,GOOGL241018C00190000,2024-04-12 2:56PM EDT,190.0,4.3,4.25,4.35,-0.2,-4.44%,35,122,0.3107,186
23,GOOGL241018C00195000,2024-04-12 1:41PM EDT,195.0,3.49,3.4,3.55,-0.11,-3.06%,13,101,0.3104,186
24,GOOGL241018C00200000,2024-04-12 2:28PM EDT,200.0,2.78,2.69,2.91,-0.04,-1.42%,14,183,0.311,186
25,GOOGL241018C00210000,2024-04-12 1:10PM EDT,210.0,1.85,1.74,1.97,-0.04,-2.12%,20,28,0.3135,186
26,GOOGL241018C00220000,2024-04-11 2:49PM EDT,220.0,1.26,1.22,1.27,0.0,-,4,54,0.3128,186
27,GOOGL241018C00230000,2024-04-09 10:43AM EDT,230.0,0.8,0.87,0.91,0.0,-,2,32,0.3196,186
28,GOOGL241018C00240000,2024-04-12 11:21AM EDT,240.0,0.65,0.53,0.78,0.03,+4.84%,11,112,0.3367,186
29,GOOGL241018C00250000,2024-04-09 1:46PM EDT,250.0,0.46,0.41,0.63,0.0,-,1,21,0.348,186
30,GOOGL241018C00260000,2024-04-05 12:53PM EDT,260.0,0.3,0.31,0.53,0.0,-,1,26,0.36060000000000003,186
31,GOOGL241018C00270000,2024-04-09 11:20AM EDT,270.0,0.34,0.24,0.45,0.0,-,1,6,0.37229999999999996,186
32,GOOGL241018C00280000,2024-04-12 11:39AM EDT,280.0,0.27,0.19,0.4,-0.02,-6.90%,35,284,0.38530000000000003,186
0,GOOGL241115C00050000,2024-02-26 11:56AM EDT,50.0,91.5,100.7,103.4,0.0,-,1,1,0.0,214
1,GOOGL241115C00055000,2024-03-08 2:24PM EDT,55.0,82.5,97.9,99.85,0.0,-,1,1,0.0,214
2,GOOGL241115C00070000,2024-03-08 2:00PM EDT,70.0,68.96,83.5,85.45,0.0,-,2,1,0.0,214
3,GOOGL241115C00075000,2024-03-14 1:11PM EDT,75.0,70.18,83.95,85.7,0.0,-,2,1,0.6923999999999999,214
4,GOOGL241115C00080000,2024-03-08 1:52PM EDT,80.0,59.64,74.0,75.9,0.0,-,2,1,0.0,214
5,GOOGL241115C00100000,2024-03-15 3:26PM EDT,100.0,46.25,60.25,62.1,0.0,-,1,6,0.5347,214
6,GOOGL241115C00105000,2024-02-28 1:08PM EDT,105.0,37.24,48.9,52.2,0.0,-,-,1,0.0,214
7,GOOGL241115C00110000,2024-04-11 10:49AM EDT,110.0,52.32,52.45,53.1,0.0,-,2,16,0.5132,214
8,GOOGL241115C00115000,2024-04-10 11:25AM EDT,115.0,45.6,47.95,48.55,0.0,-,1,32,0.496,214
9,GOOGL241115C00120000,2024-04-10 12:49PM EDT,120.0,41.75,43.35,44.15,0.0,-,4,107,0.4706,214
10,GOOGL241115C00125000,2024-04-12 1:13PM EDT,125.0,39.25,39.5,39.95,-1.49,-3.66%,2,251,0.4498,214
11,GOOGL241115C00130000,2024-04-10 10:34AM EDT,130.0,33.95,35.4,36.05,0.0,-,2,200,0.4349,214
12,GOOGL241115C00135000,2024-04-10 10:59AM EDT,135.0,29.65,31.55,32.1,0.0,-,5,131,0.4157,214
13,GOOGL241115C00140000,2024-04-12 2:15PM EDT,140.0,27.85,26.1,28.5,0.0,-,1,424,0.4022,214
14,GOOGL241115C00145000,2024-04-12 1:05PM EDT,145.0,24.45,24.5,24.85,1.55,+6.77%,23,969,0.3839,214
15,GOOGL241115C00150000,2024-04-12 12:14PM EDT,150.0,21.86,21.3,21.7,-0.45,-2.02%,4,459,0.3732,214
16,GOOGL241115C00155000,2024-04-12 11:46AM EDT,155.0,18.35,18.25,20.5,-1.0,-5.17%,15,371,0.3996,214
17,GOOGL241115C00160000,2024-04-12 11:56AM EDT,160.0,16.4,15.8,16.05,-0.19,-1.15%,16,361,0.353,214
18,GOOGL241115C00165000,2024-04-12 1:11PM EDT,165.0,13.38,13.45,13.65,-0.77,-5.44%,47,674,0.345,214
19,GOOGL241115C00170000,2024-04-11 3:53PM EDT,170.0,11.4,11.1,11.55,-0.63,-5.24%,1,442,0.33880000000000005,214
20,GOOGL241115C00175000,2024-04-11 2:34PM EDT,175.0,10.15,9.4,9.75,0.0,-,6,308,0.3343,214
21,GOOGL241115C00180000,2024-04-12 1:52PM EDT,180.0,8.01,7.65,8.2,-0.39,-4.64%,3,710,0.3308,214
22,GOOGL241115C00185000,2024-04-12 12:21PM EDT,185.0,6.9,6.7,6.85,-0.17,-2.40%,1,1095,0.3275,214
23,GOOGL241115C00190000,2024-04-12 10:14AM EDT,190.0,5.95,5.2,5.7,0.45,+8.18%,2,174,0.3248,214
24,GOOGL241115C00195000,2024-04-11 2:50PM EDT,195.0,4.92,4.6,4.75,0.0,-,1,10,0.3232,214
25,GOOGL241115C00200000,2024-04-12 2:52PM EDT,200.0,3.95,3.8,3.95,-0.03,-0.75%,5,1428,0.3221,214
26,GOOGL241115C00210000,2024-04-12 2:56PM EDT,210.0,2.69,2.38,2.85,-0.06,-2.18%,86,38,0.32530000000000003,214
27,GOOGL241115C00220000,2024-04-11 3:57PM EDT,220.0,1.97,1.57,1.96,0.0,-,101,147,0.3243,214
28,GOOGL241115C00230000,2024-04-12 9:42AM EDT,230.0,1.43,1.36,1.57,0.23,+19.17%,6,104,0.3358,214
29,GOOGL241115C00240000,2024-04-01 9:48AM EDT,240.0,0.94,1.02,1.08,0.0,-,4,14,0.3348,214
30,GOOGL241115C00250000,2024-04-09 9:54AM EDT,250.0,0.8,0.78,0.82,0.0,-,1,25,0.3406,214
31,GOOGL241115C00260000,2024-04-09 1:46PM EDT,260.0,0.56,0.46,0.78,0.0,-,1,16,0.35950000000000004,214
32,GOOGL241115C00270000,2024-03-18 9:34AM EDT,270.0,0.6,0.39,0.67,0.0,-,3,17,0.37060000000000004,214
33,GOOGL241115C00280000,2024-04-12 11:28AM EDT,280.0,0.38,0.25,0.45,-0.01,-2.56%,20,49,0.366,214
0,GOOGL241220C00045000,2024-02-09 3:47PM EDT,45.0,105.82,90.85,94.4,0.0,-,1,111,0.0,249
1,GOOGL241220C00050000,2024-04-09 3:25PM EDT,50.0,107.7,108.2,110.15,0.0,-,1,162,0.8695999999999999,249
2,GOOGL241220C00055000,2023-04-06 3:58PM EDT,55.0,59.38,53.5,58.5,0.0,-,2,4,0.0,249
3,GOOGL241220C00060000,2024-02-27 12:30PM EDT,60.0,81.03,92.3,93.65,0.0,-,1,147,0.0,249
4,GOOGL241220C00065000,2024-03-08 2:00PM EDT,65.0,74.09,88.8,90.4,0.0,-,40,187,0.0,249
5,GOOGL241220C00070000,2024-03-20 2:15PM EDT,70.0,80.7,89.1,91.0,0.0,-,5,175,0.7112,249
6,GOOGL241220C00075000,2024-04-05 1:00PM EDT,75.0,81.3,84.35,86.3,0.0,-,1,64,0.6785,249
7,GOOGL241220C00080000,2024-03-18 9:49AM EDT,80.0,72.5,79.6,81.35,0.0,-,1,110,0.6382,249
8,GOOGL241220C00085000,2024-03-27 2:05PM EDT,85.0,68.1,74.85,76.8,0.0,-,1,97,0.611,249
9,GOOGL241220C00090000,2024-04-12 11:43AM EDT,90.0,72.3,70.2,72.15,16.1,+28.65%,1,120,0.5832999999999999,249
10,GOOGL241220C00095000,2024-03-14 10:24AM EDT,95.0,52.0,65.55,67.45,0.0,-,1,81,0.5539999999999999,249
11,GOOGL241220C00100000,2024-04-12 11:23AM EDT,100.0,62.6,60.95,62.8,2.1,+3.47%,1,745,0.5266,249
12,GOOGL241220C00105000,2024-04-08 11:12AM EDT,105.0,55.2,56.4,58.4,0.0,-,11,556,0.5047,249
13,GOOGL241220C00110000,2024-04-11 10:10AM EDT,110.0,52.5,51.95,53.8,0.0,-,3,252,0.5115,249
14,GOOGL241220C00115000,2024-04-09 3:57PM EDT,115.0,47.5,47.6,49.45,0.0,-,1,873,0.4886,249
15,GOOGL241220C00120000,2024-04-11 10:39AM EDT,120.0,43.96,44.6,45.2,0.0,-,2,491,0.4672,249
16,GOOGL241220C00125000,2024-04-11 11:11AM EDT,125.0,40.23,40.45,41.2,0.0,-,6,766,0.4509,249
17,GOOGL241220C00130000,2024-04-12 12:16PM EDT,130.0,37.2,36.5,36.8,-0.48,-1.27%,1,603,0.42229999999999995,249
18,GOOGL241220C00135000,2024-04-12 2:05PM EDT,135.0,32.5,32.5,33.1,-0.5,-1.52%,14,6633,0.40909999999999996,249
19,GOOGL241220C00140000,2024-04-11 3:18PM EDT,140.0,30.05,29.15,29.4,0.0,-,17,1820,0.39299999999999996,249
20,GOOGL241220C00145000,2024-04-12 1:57PM EDT,145.0,25.8,25.75,26.25,-0.95,-3.55%,19,4594,0.38549999999999995,249
21,GOOGL241220C00150000,2024-04-12 3:08PM EDT,150.0,22.57,22.4,22.95,-1.1,-4.65%,11,1695,0.3714,249
22,GOOGL241220C00155000,2024-04-12 3:44PM EDT,155.0,19.72,19.75,20.0,-0.75,-3.66%,20,5563,0.36090000000000005,249
23,GOOGL241220C00160000,2024-04-12 3:00PM EDT,160.0,17.04,16.9,17.4,-0.99,-5.49%,120,5955,0.35340000000000005,249
24,GOOGL241220C00165000,2024-04-12 2:34PM EDT,165.0,14.89,14.75,15.0,-0.56,-3.62%,16,3768,0.34600000000000003,249
25,GOOGL241220C00170000,2024-04-12 3:10PM EDT,170.0,12.67,12.55,12.9,-0.68,-5.09%,14,2482,0.3404,249
26,GOOGL241220C00175000,2024-04-12 3:08PM EDT,175.0,10.75,10.8,11.0,-0.51,-4.53%,65,1614,0.3348,249
27,GOOGL241220C00180000,2024-04-12 3:59PM EDT,180.0,9.26,9.15,9.35,-0.54,-5.51%,154,2955,0.33039999999999997,249
28,GOOGL241220C00185000,2024-04-12 1:51PM EDT,185.0,7.85,7.8,7.95,-0.35,-4.27%,8,2797,0.3274,249
29,GOOGL241220C00190000,2024-04-12 10:05AM EDT,190.0,7.05,6.55,6.7,0.0,-,1,1583,0.32409999999999994,249
30,GOOGL241220C00195000,2024-04-12 1:19PM EDT,195.0,5.65,5.55,5.7,-0.22,-3.75%,1,2452,0.32299999999999995,249
31,GOOGL241220C00200000,2024-04-12 2:13PM EDT,200.0,4.73,4.65,4.8,-0.19,-3.86%,10,4040,0.3211,249
32,GOOGL241220C00205000,2024-04-12 9:57AM EDT,205.0,4.3,3.95,4.15,0.35,+8.86%,1,1628,0.32280000000000003,249
33,GOOGL241220C00210000,2024-04-12 3:40PM EDT,210.0,3.3,3.3,3.45,-0.15,-4.35%,15,569,0.32030000000000003,249
34,GOOGL241220C00215000,2024-04-12 1:54PM EDT,215.0,2.91,2.82,3.05,-0.02,-0.68%,43,662,0.3243,249
35,GOOGL241220C00220000,2024-04-12 3:41PM EDT,220.0,2.4,2.29,2.49,-0.12,-4.76%,9,584,0.3208,249
36,GOOGL241220C00225000,2024-04-09 3:09PM EDT,225.0,1.84,2.07,2.24,0.0,-,49,544,0.3261,249
37,GOOGL241220C00230000,2024-04-12 2:20PM EDT,230.0,1.82,1.67,1.88,0.22,+13.75%,112,382,0.32530000000000003,249
38,GOOGL241220C00235000,2024-04-11 9:50AM EDT,235.0,1.49,1.55,1.61,0.0,-,9,557,0.3262,249
39,GOOGL241220C00240000,2024-04-12 2:56PM EDT,240.0,1.37,1.24,1.49,0.07,+5.38%,13,891,0.3328,249
40,GOOGL241220C00245000,2024-04-04 9:30AM EDT,245.0,1.04,1.19,1.33,0.0,-,1,577,0.33630000000000004,249
41,GOOGL241220C00250000,2024-04-12 10:08AM EDT,250.0,1.1,1.05,1.11,0.09,+8.91%,10,231,0.335,249
42,GOOGL241220C00255000,2024-04-04 12:53PM EDT,255.0,0.76,0.94,1.0,0.0,-,4,111,0.3389,249
43,GOOGL241220C00260000,2024-04-09 9:30AM EDT,260.0,0.87,0.83,0.89,0.0,-,2,346,0.3417,249
44,GOOGL241220C00265000,2024-04-12 10:52AM EDT,265.0,0.8,0.7,0.88,-0.03,-3.61%,2,1090,0.35100000000000003,249
0,GOOGL250117C00045000,2024-04-12 9:32AM EDT,45.0,115.2,113.25,115.7,20.73,+21.94%,1,2181,0.9334,277
1,GOOGL250117C00050000,2024-04-12 1:29PM EDT,50.0,109.0,108.25,111.4,0.75,+0.69%,8,3826,0.897,277
2,GOOGL250117C00055000,2024-04-11 10:08AM EDT,55.0,104.4,103.7,106.6,0.0,-,1,504,0.8582,277
3,GOOGL250117C00060000,2024-04-09 9:33AM EDT,60.0,99.95,98.65,101.9,0.0,-,2,490,0.8044,277
4,GOOGL250117C00065000,2024-04-11 12:36PM EDT,65.0,95.67,94.15,97.0,0.0,-,20,336,0.7673000000000001,277
5,GOOGL250117C00070000,2024-04-09 12:48PM EDT,70.0,90.2,89.3,92.55,0.0,-,7,693,0.7343999999999999,277
6,GOOGL250117C00075000,2024-04-11 11:35AM EDT,75.0,86.0,84.85,87.4,0.0,-,25,275,0.693,277
7,GOOGL250117C00080000,2024-04-09 12:12PM EDT,80.0,80.3,80.1,82.85,0.0,-,11,1438,0.6615000000000001,277
8,GOOGL250117C00085000,2024-04-11 3:50PM EDT,85.0,78.23,75.7,77.15,0.0,-,3,1423,0.6107,277
9,GOOGL250117C00090000,2024-04-10 10:53AM EDT,90.0,69.0,70.6,72.85,0.0,-,1,2415,0.5792,277
10,GOOGL250117C00095000,2024-04-10 10:24AM EDT,95.0,65.09,66.45,68.95,0.0,-,3,1837,0.5758,277
11,GOOGL250117C00100000,2024-04-11 3:35PM EDT,100.0,63.5,61.95,63.65,0.0,-,6,4780,0.5355,277
12,GOOGL250117C00105000,2024-04-11 2:42PM EDT,105.0,60.0,56.5,60.45,0.0,-,2,2136,0.5167,277
13,GOOGL250117C00110000,2024-04-12 1:28PM EDT,110.0,53.69,53.15,54.7,-1.59,-2.88%,2,3611,0.5133,277
14,GOOGL250117C00115000,2024-04-12 3:11PM EDT,115.0,49.4,49.0,50.25,1.1,+2.28%,129,1273,0.4866,277
15,GOOGL250117C00120000,2024-04-12 1:28PM EDT,120.0,45.05,44.65,46.1,-1.9,-4.05%,25,3763,0.46740000000000004,277
16,GOOGL250117C00125000,2024-04-12 2:13PM EDT,125.0,41.3,41.3,41.95,-1.42,-3.32%,11,5994,0.4465,277
17,GOOGL250117C00130000,2024-04-12 3:57PM EDT,130.0,37.48,36.4,37.8,-1.1,-2.85%,6,4429,0.4241,277
18,GOOGL250117C00135000,2024-04-12 12:49PM EDT,135.0,34.0,33.7,34.95,-0.75,-2.16%,162,5714,0.42869999999999997,277
19,GOOGL250117C00140000,2024-04-12 3:59PM EDT,140.0,30.3,30.15,31.05,-0.71,-2.29%,85,6745,0.40700000000000003,277
20,GOOGL250117C00145000,2024-04-12 11:47AM EDT,145.0,27.41,26.15,27.5,-0.41,-1.47%,24,8015,0.39049999999999996,277
21,GOOGL250117C00150000,2024-04-12 2:40PM EDT,150.0,23.7,23.0,25.0,-0.98,-3.97%,162,19182,0.39149999999999996,277
22,GOOGL250117C00155000,2024-04-12 3:51PM EDT,155.0,20.82,20.85,21.25,-1.32,-5.96%,64,8085,0.3655,277
23,GOOGL250117C00160000,2024-04-12 3:15PM EDT,160.0,18.06,17.8,18.45,-1.04,-5.45%,155,13503,0.3544,277
24,GOOGL250117C00165000,2024-04-12 3:46PM EDT,165.0,15.95,15.7,16.1,-0.65,-3.92%,145,7701,0.3481,277
25,GOOGL250117C00170000,2024-04-12 3:53PM EDT,170.0,13.65,13.55,13.9,-0.75,-5.21%,358,17862,0.3411,277
26,GOOGL250117C00175000,2024-04-12 3:36PM EDT,175.0,11.6,11.65,11.95,-0.75,-6.07%,120,3645,0.3353,277
27,GOOGL250117C00180000,2024-04-12 3:05PM EDT,180.0,10.1,10.05,10.3,-0.58,-5.43%,170,10958,0.33159999999999995,277
28,GOOGL250117C00185000,2024-04-12 2:57PM EDT,185.0,8.65,8.6,8.9,-0.5,-5.46%,33,10077,0.3295,277
29,GOOGL250117C00190000,2024-04-12 12:54PM EDT,190.0,7.63,7.25,7.55,-0.03,-0.39%,32,4807,0.32520000000000004,277
30,GOOGL250117C00195000,2024-04-12 3:47PM EDT,195.0,6.25,6.25,6.5,-0.35,-5.30%,461,4732,0.32409999999999994,277
31,GOOGL250117C00200000,2024-04-12 3:56PM EDT,200.0,5.35,5.35,5.45,-0.3,-5.31%,547,62893,0.32,277
32,GOOGL250117C00205000,2024-04-12 3:47PM EDT,205.0,4.55,4.55,4.7,0.05,+1.11%,254,1111,0.32020000000000004,277
33,GOOGL250117C00210000,2024-04-12 3:47PM EDT,210.0,3.85,3.9,4.05,-0.25,-6.10%,80,5874,0.3204,277
34,GOOGL250117C00215000,2024-04-12 3:47PM EDT,215.0,3.3,3.35,3.45,-0.24,-6.78%,166,1674,0.3196,277
35,GOOGL250117C00220000,2024-04-12 3:46PM EDT,220.0,2.83,2.8,2.97,-0.2,-6.60%,211,53916,0.32,277
36,GOOGL250117C00225000,2024-04-12 3:45PM EDT,225.0,2.44,2.48,2.64,-0.2,-7.58%,25,1038,0.3233,277
37,GOOGL250117C00230000,2024-04-12 3:45PM EDT,230.0,2.12,2.03,2.28,-0.12,-5.36%,51,1001,0.324,277
38,GOOGL250117C00235000,2024-04-12 3:53PM EDT,235.0,1.87,1.88,2.04,-0.05,-2.60%,244,2748,0.3275,277
39,GOOGL250117C00240000,2024-04-12 12:56PM EDT,240.0,1.74,1.65,1.79,0.3,+20.83%,26,953,0.3292,277
40,GOOGL250117C00245000,2024-04-11 2:17PM EDT,245.0,1.47,1.44,1.6,0.0,-,94,1481,0.3322,277
41,GOOGL250117C00250000,2024-04-10 10:19AM EDT,250.0,1.17,1.21,1.43,0.0,-,12,1013,0.335,277
42,GOOGL250117C00255000,2024-04-11 2:17PM EDT,255.0,1.15,1.15,1.3,0.0,-,247,370,0.33880000000000005,277
43,GOOGL250117C00260000,2024-04-11 2:19PM EDT,260.0,1.02,1.03,1.17,0.0,-,201,593,0.34159999999999996,277
44,GOOGL250117C00265000,2024-04-11 3:26PM EDT,265.0,0.91,0.92,1.02,0.0,-,11,2209,0.3422,277
45,GOOGL250117C00270000,2024-04-09 2:03PM EDT,270.0,0.73,0.83,0.95,0.0,-,2,16,0.3469,277
46,GOOGL250117C00280000,2024-04-09 3:20PM EDT,280.0,0.65,0.67,0.81,0.0,-,15,82,0.3546,277
47,GOOGL250117C00290000,2024-04-10 10:41AM EDT,290.0,0.55,0.53,0.71,0.0,-,1,61,0.3632,277
48,GOOGL250117C00300000,2024-04-11 3:16PM EDT,300.0,0.5,0.45,0.54,0.0,-,6,4223,0.3628,277
0,GOOGL250321C00075000,2024-03-27 2:34PM EDT,75.0,78.7,84.65,88.55,0.0,-,5,10,0.6504000000000001,340
1,GOOGL250321C00080000,2024-04-11 3:41PM EDT,80.0,83.88,80.05,84.0,0.0,-,10,13,0.6231,340
2,GOOGL250321C00085000,2024-03-25 11:43AM EDT,85.0,69.16,75.7,79.45,0.0,-,2,1,0.601,340
3,GOOGL250321C00100000,2024-03-22 10:07AM EDT,100.0,58.0,63.1,64.65,0.0,-,10,10,0.5191,340
4,GOOGL250321C00105000,2024-04-12 10:54AM EDT,105.0,59.9,58.75,61.1,4.45,+8.03%,2,2,0.5101,340
5,GOOGL250321C00110000,2024-04-02 10:06AM EDT,110.0,51.0,54.5,55.75,0.0,-,-,1,0.49229999999999996,340
6,GOOGL250321C00115000,2024-04-11 9:32AM EDT,115.0,50.58,50.3,52.5,0.0,-,2,37,0.4962,340
7,GOOGL250321C00120000,2024-04-05 1:57PM EDT,120.0,42.52,45.1,47.95,0.0,-,1,79,0.4658,340
8,GOOGL250321C00125000,2024-04-12 12:01PM EDT,125.0,44.02,42.95,43.9,-0.29,-0.65%,4,12,0.4464,340
9,GOOGL250321C00130000,2024-04-11 9:53AM EDT,130.0,39.3,38.1,40.35,0.0,-,1,9,0.436,340
10,GOOGL250321C00135000,2024-04-10 10:20AM EDT,135.0,33.84,35.1,37.7,0.0,-,1,6,0.4409,340
11,GOOGL250321C00140000,2024-04-12 1:02PM EDT,140.0,32.4,32.4,33.5,0.05,+0.15%,2,42,0.4133,340
12,GOOGL250321C00145000,2024-04-12 1:52PM EDT,145.0,29.1,28.95,30.3,1.05,+3.74%,5,11,0.40270000000000006,340
13,GOOGL250321C00150000,2024-04-12 12:13PM EDT,150.0,26.75,26.2,26.55,0.35,+1.33%,6,175,0.3803,340
14,GOOGL250321C00155000,2024-04-12 1:59PM EDT,155.0,23.4,23.4,24.65,-1.03,-4.22%,11,186,0.3874,340
15,GOOGL250321C00160000,2024-04-12 1:25PM EDT,160.0,20.55,20.7,22.05,-0.75,-3.52%,18,643,0.3797,340
16,GOOGL250321C00165000,2024-04-12 10:45AM EDT,165.0,18.85,16.75,19.8,-0.27,-1.41%,2,203,0.37520000000000003,340
17,GOOGL250321C00170000,2024-04-11 3:00PM EDT,170.0,16.98,16.25,17.05,0.0,-,5,126,0.36,340
18,GOOGL250321C00175000,2024-04-12 2:34PM EDT,175.0,14.34,14.25,15.0,0.29,+2.06%,20,278,0.35359999999999997,340
19,GOOGL250321C00180000,2024-04-12 1:50PM EDT,180.0,12.65,12.3,13.35,-0.49,-3.73%,7,542,0.3514,340
20,GOOGL250321C00185000,2024-04-12 2:56PM EDT,185.0,10.85,9.3,12.45,-0.25,-2.25%,10,470,0.35950000000000004,340
21,GOOGL250321C00190000,2024-04-12 12:55PM EDT,190.0,9.9,8.55,11.1,-0.13,-1.30%,176,299,0.3578,340
22,GOOGL250321C00195000,2024-04-12 3:47PM EDT,195.0,8.35,8.3,8.5,-0.25,-2.91%,19,33,0.331,340
23,GOOGL250321C00200000,2024-04-12 10:19AM EDT,200.0,7.62,7.25,7.4,0.07,+0.93%,1,90,0.3285,340
24,GOOGL250321C00205000,2024-04-11 9:43AM EDT,205.0,6.15,6.1,6.45,0.0,-,1,25,0.3267,340
25,GOOGL250321C00210000,2024-04-10 2:11PM EDT,210.0,5.15,5.45,5.6,0.0,-,1,10,0.3248,340
26,GOOGL250321C00215000,2024-04-12 3:47PM EDT,215.0,4.8,4.75,4.9,-0.1,-2.04%,83,12,0.32420000000000004,340
27,GOOGL250321C00220000,2024-04-12 9:55AM EDT,220.0,4.6,4.2,5.05,0.9,+24.32%,2,136,0.3421,340
28,GOOGL250321C00225000,2024-04-11 10:42AM EDT,225.0,3.65,3.65,3.8,0.0,-,5,132,0.3248,340
29,GOOGL250321C00230000,2024-04-12 10:31AM EDT,230.0,3.25,3.2,3.75,0.32,+10.92%,1,4,0.3362,340
30,GOOGL250321C00240000,2024-04-12 9:54AM EDT,240.0,2.65,2.4,2.7,0.0,-,1,1,0.3292,340
31,GOOGL250321C00250000,2024-04-11 3:51PM EDT,250.0,2.02,1.95,2.12,0.0,-,5,27,0.3307,340
32,GOOGL250321C00260000,2024-04-10 9:30AM EDT,260.0,1.5,1.56,2.53,0.0,-,1,2,0.36560000000000004,340
33,GOOGL250321C00270000,2024-04-01 3:27PM EDT,270.0,1.4,1.06,2.3,0.0,-,1,2,0.3762,340
34,GOOGL250321C00280000,2024-04-08 10:46AM EDT,280.0,1.0,0.42,2.41,0.0,-,12,12,0.39840000000000003,340
35,GOOGL250321C00290000,2024-04-12 11:35AM EDT,290.0,1.01,0.89,2.34,0.11,+12.22%,1,0,0.4129,340
36,GOOGL250321C00300000,2024-03-26 10:36AM EDT,300.0,0.6,0.0,2.9,0.0,-,1,1,0.4506,340
0,GOOGL250620C00025000,2024-03-25 10:02AM EDT,25.0,124.98,132.0,136.5,0.0,-,2,36,1.0615,431
1,GOOGL250620C00030000,2024-04-02 11:08AM EDT,30.0,124.23,127.0,132.0,0.0,-,1,2,0.9873000000000001,431
2,GOOGL250620C00035000,2023-03-27 10:12AM EDT,35.0,72.77,70.0,75.0,0.0,-,1,11,0.0,431
3,GOOGL250620C00040000,2024-02-16 11:03AM EDT,40.0,104.1,101.5,106.5,0.0,-,5,8,0.0,431
4,GOOGL250620C00045000,2024-02-02 3:46PM EDT,45.0,100.06,92.65,97.45,0.0,-,5,29,0.0,431
5,GOOGL250620C00050000,2024-03-18 9:30AM EDT,50.0,100.0,108.6,112.95,0.0,-,3,109,0.7909999999999999,431
6,GOOGL250620C00055000,2024-03-21 9:30AM EDT,55.0,98.03,104.25,108.45,0.0,-,1,91,0.7665000000000001,431
7,GOOGL250620C00060000,2024-02-26 12:55PM EDT,60.0,83.17,92.1,96.95,0.0,-,1,47,0.0,431
8,GOOGL250620C00065000,2024-02-29 3:35PM EDT,65.0,77.0,88.0,95.0,0.0,-,1,34,0.5811,431
9,GOOGL250620C00070000,2024-04-09 2:03PM EDT,70.0,90.55,90.1,94.4,0.0,-,3,121,0.6527,431
10,GOOGL250620C00075000,2024-04-09 9:37AM EDT,75.0,87.75,85.8,89.75,0.0,-,1,99,0.6278,431
11,GOOGL250620C00080000,2024-04-12 12:59PM EDT,80.0,83.93,81.4,85.15,8.03,+10.58%,42,171,0.6019,431
12,GOOGL250620C00085000,2024-04-11 3:41PM EDT,85.0,80.83,76.55,80.9,0.0,-,10,164,0.5745,431
13,GOOGL250620C00090000,2024-03-27 11:13AM EDT,90.0,66.1,72.2,76.5,0.0,-,7,1460,0.5529999999999999,431
14,GOOGL250620C00095000,2024-04-12 3:19PM EDT,95.0,69.8,68.65,72.2,0.7,+1.01%,1,1745,0.5439,431
15,GOOGL250620C00100000,2024-04-12 2:39PM EDT,100.0,65.6,63.95,67.2,3.1,+4.96%,45,894,0.5082,431
16,GOOGL250620C00105000,2024-04-09 9:30AM EDT,105.0,60.0,60.8,63.7,0.0,-,4,360,0.5115,431
17,GOOGL250620C00110000,2024-04-11 11:46AM EDT,110.0,57.57,55.75,59.2,0.0,-,87,710,0.5169,431
18,GOOGL250620C00115000,2024-04-11 1:35PM EDT,115.0,54.25,53.3,55.6,0.0,-,1,566,0.507,431
19,GOOGL250620C00120000,2024-04-10 1:55PM EDT,120.0,48.0,48.95,50.2,0.0,-,27,747,0.4596,431
20,GOOGL250620C00125000,2024-04-12 2:53PM EDT,125.0,45.9,45.65,46.1,-1.1,-2.34%,5,1095,0.4388,431
21,GOOGL250620C00130000,2024-04-12 1:46PM EDT,130.0,41.7,41.4,42.45,-1.81,-4.16%,6,1307,0.4255,431
22,GOOGL250620C00135000,2024-04-11 2:42PM EDT,135.0,39.96,38.6,40.7,0.0,-,11,957,0.44329999999999997,431
23,GOOGL250620C00140000,2024-04-12 2:06PM EDT,140.0,35.25,35.3,36.0,-1.69,-4.57%,45,6039,0.40850000000000003,431
24,GOOGL250620C00145000,2024-04-12 9:37AM EDT,145.0,33.8,32.3,34.9,0.45,+1.35%,2,1783,0.43090000000000006,431
25,GOOGL250620C00150000,2024-04-12 2:58PM EDT,150.0,29.3,29.35,30.3,-1.5,-4.87%,13,822,0.3957,431
26,GOOGL250620C00155000,2024-04-12 1:57PM EDT,155.0,26.7,25.9,28.7,-1.0,-3.61%,30,1489,0.4052,431
27,GOOGL250620C00160000,2024-04-12 2:59PM EDT,160.0,23.9,24.1,24.55,-1.15,-4.59%,9,7226,0.3743,431
28,GOOGL250620C00165000,2024-04-12 11:21AM EDT,165.0,22.25,21.7,23.05,-0.36,-1.59%,2,3213,0.381,431
29,GOOGL250620C00170000,2024-04-12 3:43PM EDT,170.0,19.56,19.5,20.55,-0.49,-2.44%,5,24819,0.3709,431
30,GOOGL250620C00175000,2024-04-12 2:57PM EDT,175.0,17.4,16.9,18.1,-0.77,-4.24%,1,986,0.35969999999999996,431
31,GOOGL250620C00180000,2024-04-12 10:54AM EDT,180.0,15.78,15.6,16.15,-0.52,-3.19%,3,735,0.3538,431
32,GOOGL250620C00185000,2024-04-09 12:18PM EDT,185.0,13.5,13.9,14.25,0.0,-,22,359,0.34659999999999996,431
33,GOOGL250620C00190000,2024-04-12 2:48PM EDT,190.0,12.55,11.2,12.75,0.9,+7.73%,5,6729,0.3435,431
34,GOOGL250620C00195000,2024-04-09 11:36AM EDT,195.0,10.15,8.5,11.4,0.0,-,1,494,0.3408,431
35,GOOGL250620C00200000,2024-04-12 3:59PM EDT,200.0,10.3,9.75,10.1,-0.03,-0.29%,13,2806,0.3371,431
36,GOOGL250620C00205000,2024-04-09 12:18PM EDT,205.0,8.38,8.1,9.15,0.0,-,20,1195,0.33740000000000003,431
37,GOOGL250620C00210000,2024-04-12 12:54PM EDT,210.0,7.83,7.55,8.1,-0.17,-2.13%,4,6362,0.3345,431
38,GOOGL250620C00215000,2024-04-12 3:59PM EDT,215.0,6.97,6.8,7.7,-0.03,-0.43%,49,3319,0.34159999999999996,431
39,GOOGL250620C00220000,2024-04-11 1:54PM EDT,220.0,6.3,5.5,6.3,0.0,-,51,3073,0.32899999999999996,431
40,GOOGL250620C00225000,2024-04-11 3:12PM EDT,225.0,5.7,4.3,5.65,0.0,-,106,2839,0.3287,431
41,GOOGL250620C00230000,2024-04-09 3:58PM EDT,230.0,4.4,4.75,5.05,0.0,-,9,130,0.3282,431
42,GOOGL250620C00235000,2024-04-11 9:56AM EDT,235.0,4.15,4.35,4.65,0.0,-,121,626,0.3308,431
43,GOOGL250620C00240000,2024-04-11 2:40PM EDT,240.0,4.05,3.85,4.05,0.0,-,1,1348,0.32770000000000005,431
44,GOOGL250620C00245000,2024-04-01 9:37AM EDT,245.0,3.1,2.59,3.65,0.0,-,1,131,0.3281,431
45,GOOGL250620C00250000,2024-04-09 3:58PM EDT,250.0,2.8,3.1,4.85,0.0,-,4,762,0.3671,431
46,GOOGL250620C00255000,2024-04-05 3:51PM EDT,255.0,2.49,2.36,3.75,0.0,-,1,598,0.3502,431
47,GOOGL250620C00260000,2024-04-01 12:00PM EDT,260.0,2.35,2.41,2.84,0.0,-,3,1067,0.3343,431
48,GOOGL250620C00265000,2024-04-12 2:03PM EDT,265.0,2.38,1.86,2.7,-0.02,-0.83%,10,2889,0.33880000000000005,431
49,GOOGL250620C00270000,2024-04-12 1:08PM EDT,270.0,2.2,1.85,2.48,0.19,+9.45%,33,112,0.3403,431
50,GOOGL250620C00280000,2024-04-12 1:13PM EDT,280.0,1.8,1.76,1.95,0.18,+11.11%,75,726,0.3378,431
51,GOOGL250620C00290000,2024-04-09 11:11AM EDT,290.0,1.23,1.52,2.73,0.0,-,1,81,0.3801,431
52,GOOGL250620C00300000,2024-04-12 12:42PM EDT,300.0,1.27,1.27,1.41,-0.04,-3.05%,11,581,0.34380000000000005,431
0,GOOGL250919C00050000,2024-02-08 4:03PM EDT,50.0,99.6,87.05,91.5,0.0,-,-,1,0.0,522
1,GOOGL250919C00080000,2024-02-26 4:24PM EDT,80.0,66.0,75.0,80.0,0.0,-,1,1,0.41969999999999996,522
2,GOOGL250919C00085000,2024-02-12 4:54PM EDT,85.0,70.55,61.7,64.1,0.0,-,-,1,0.0,522
3,GOOGL250919C00090000,2024-03-14 1:45PM EDT,90.0,61.0,73.65,77.55,0.0,-,18,18,0.5372,522
4,GOOGL250919C00095000,2024-04-12 9:30AM EDT,95.0,71.9,70.4,72.1,1.79,+2.55%,2,3,0.5154,522
5,GOOGL250919C00100000,2024-04-10 11:06AM EDT,100.0,64.98,65.0,67.9,0.0,-,1,30,0.5166,522
6,GOOGL250919C00105000,2024-03-22 3:46PM EDT,105.0,57.17,62.25,63.9,0.0,-,10,11,0.5007,522
7,GOOGL250919C00110000,2024-04-01 9:46AM EDT,110.0,54.5,58.8,59.85,0.0,-,1,1,0.483,522
8,GOOGL250919C00115000,2024-04-03 9:30AM EDT,115.0,52.3,54.2,56.05,0.0,-,2,4,0.4694,522
9,GOOGL250919C00120000,2024-04-10 9:40AM EDT,120.0,50.15,51.4,52.1,0.0,-,1,10,0.4521,522
10,GOOGL250919C00125000,2024-04-01 9:48AM EDT,125.0,47.35,47.2,50.4,0.0,-,1,6,0.4722,522
11,GOOGL250919C00130000,2024-04-11 12:26PM EDT,130.0,45.0,44.3,45.2,0.0,-,2,20,0.4316,522
12,GOOGL250919C00135000,2024-04-01 9:37AM EDT,135.0,38.5,40.75,43.45,0.0,-,1,14,0.4456,522
13,GOOGL250919C00140000,2024-04-12 3:41PM EDT,140.0,37.15,37.75,40.95,0.65,+1.78%,3,39,0.44530000000000003,522
14,GOOGL250919C00145000,2024-04-11 9:35AM EDT,145.0,35.0,34.8,35.55,0.0,-,2,54,0.4011,522
15,GOOGL250919C00150000,2024-04-12 12:58PM EDT,150.0,32.72,32.05,35.0,1.66,+5.34%,1,152,0.42579999999999996,522
16,GOOGL250919C00155000,2024-04-12 3:15PM EDT,155.0,29.5,28.9,30.6,-1.0,-3.28%,1,87,0.3944,522
17,GOOGL250919C00160000,2024-04-12 9:50AM EDT,160.0,27.88,25.85,27.6,0.31,+1.12%,8,149,0.3814,522
18,GOOGL250919C00165000,2024-04-12 9:55AM EDT,165.0,25.82,24.55,26.5,2.9,+12.65%,4,92,0.3924,522
19,GOOGL250919C00170000,2024-04-12 3:39PM EDT,170.0,21.9,22.35,23.25,0.26,+1.20%,3,62,0.373,522
20,GOOGL250919C00175000,2024-04-09 3:43PM EDT,175.0,19.57,19.65,20.75,0.0,-,1,44,0.36219999999999997,522
21,GOOGL250919C00180000,2024-03-27 2:49PM EDT,180.0,14.58,18.4,21.0,0.0,-,1,70,0.38630000000000003,522
22,GOOGL250919C00185000,2024-04-12 10:51AM EDT,185.0,17.0,15.8,19.5,2.91,+20.65%,2,25,0.3857,522
23,GOOGL250919C00190000,2024-03-22 9:39AM EDT,190.0,11.3,14.65,15.5,0.0,-,1,22,0.35,522
24,GOOGL250919C00195000,2024-03-15 3:49PM EDT,195.0,8.0,12.5,14.2,0.0,-,10,21,0.3492,522
25,GOOGL250919C00200000,2024-04-08 11:32AM EDT,200.0,11.2,12.1,12.7,0.0,-,2,1147,0.344,522
26,GOOGL250919C00205000,2024-03-04 4:25PM EDT,205.0,4.68,9.55,12.35,0.0,-,35,7,0.354,522
27,GOOGL250919C00215000,2024-04-02 12:49PM EDT,215.0,8.15,7.0,9.55,0.0,-,2,3,0.33990000000000004,522
28,GOOGL250919C00220000,2024-03-28 3:28PM EDT,220.0,6.9,7.55,8.55,0.0,-,10,14,0.3368,522
29,GOOGL250919C00225000,2024-03-15 3:51PM EDT,225.0,4.3,7.05,7.55,0.0,-,28,132,0.3322,522
30,GOOGL250919C00230000,2024-04-09 12:08PM EDT,230.0,6.25,5.65,6.85,0.0,-,51,80,0.33149999999999996,522
31,GOOGL250919C00235000,2024-03-22 2:31PM EDT,235.0,5.0,5.9,6.25,0.0,-,3,19,0.33149999999999996,522
32,GOOGL250919C00240000,2024-03-15 9:53AM EDT,240.0,3.02,5.3,5.65,0.0,-,4,0,0.33049999999999996,522
33,GOOGL250919C00245000,2024-04-04 3:31PM EDT,245.0,4.05,4.85,5.15,0.0,-,1,1,0.33049999999999996,522
34,GOOGL250919C00250000,2024-03-18 11:03AM EDT,250.0,3.7,2.99,4.8,0.0,-,1,4,0.3326,522
35,GOOGL250919C00260000,2024-03-20 12:03PM EDT,260.0,2.85,2.93,3.9,0.0,-,9,9,0.33039999999999997,522
36,GOOGL250919C00265000,2024-03-04 10:32AM EDT,265.0,1.27,2.43,3.85,0.0,-,100,0,0.3375,522
37,GOOGL250919C00275000,2024-03-18 9:34AM EDT,275.0,2.26,2.83,3.05,0.0,-,1,1,0.33299999999999996,522
38,GOOGL250919C00280000,2024-03-14 9:55AM EDT,280.0,1.59,2.53,2.91,0.0,-,1,8,0.33649999999999997,522
39,GOOGL250919C00285000,2024-04-12 12:49PM EDT,285.0,2.6,2.32,2.62,0.12,+4.84%,1,179,0.3353,522
0,GOOGL251219C00045000,2024-04-09 3:33PM EDT,45.0,115.05,114.1,118.6,0.0,-,14,118,0.755,613
1,GOOGL251219C00050000,2024-04-12 1:32PM EDT,50.0,111.6,109.5,114.2,0.65,+0.59%,12,987,0.7222,613
2,GOOGL251219C00055000,2024-01-29 4:01PM EDT,55.0,103.5,84.2,89.0,0.0,-,2,220,0.0,613
3,GOOGL251219C00060000,2024-02-27 3:50PM EDT,60.0,84.25,93.5,98.4,0.0,-,1,131,0.4067,613
4,GOOGL251219C00065000,2024-03-18 10:43AM EDT,65.0,92.5,96.5,100.95,0.0,-,1,672,0.6459999999999999,613
5,GOOGL251219C00070000,2024-04-11 1:04PM EDT,70.0,95.0,92.25,96.4,0.0,-,1,307,0.6204,613
6,GOOGL251219C00075000,2024-04-05 1:22PM EDT,75.0,85.18,87.85,91.8,0.0,-,3,109,0.5924,613
7,GOOGL251219C00080000,2024-04-09 11:29AM EDT,80.0,83.42,83.25,87.9,0.0,-,1,217,0.5724,613
8,GOOGL251219C00085000,2024-03-13 10:50AM EDT,85.0,64.2,79.3,83.85,0.0,-,1,133,0.5587,613
9,GOOGL251219C00090000,2024-04-01 1:04PM EDT,90.0,74.1,74.5,79.5,0.0,-,5,569,0.5301,613
10,GOOGL251219C00095000,2024-04-11 2:20PM EDT,95.0,74.35,71.15,73.7,0.0,-,150,382,0.5025,613
11,GOOGL251219C00100000,2024-04-12 10:27AM EDT,100.0,70.16,67.0,70.5,0.16,+0.23%,5,778,0.5307,613
12,GOOGL251219C00105000,2024-04-12 2:35PM EDT,105.0,65.0,63.05,66.45,-0.95,-1.44%,6,279,0.5117,613
13,GOOGL251219C00110000,2024-04-12 3:06PM EDT,110.0,61.1,60.3,62.95,0.95,+1.58%,1,446,0.5024000000000001,613
14,GOOGL251219C00115000,2024-04-11 3:54PM EDT,115.0,58.8,56.7,58.45,0.0,-,2,203,0.47479999999999994,613
15,GOOGL251219C00120000,2024-04-09 9:33AM EDT,120.0,53.25,53.2,54.4,0.0,-,1,956,0.455,613
16,GOOGL251219C00125000,2024-04-11 1:19PM EDT,125.0,51.0,49.45,50.75,0.0,-,15,710,0.4413,613
17,GOOGL251219C00130000,2024-04-12 2:32PM EDT,130.0,46.8,46.5,49.5,0.84,+1.83%,1,472,0.46240000000000003,613
18,GOOGL251219C00135000,2024-04-11 2:16PM EDT,135.0,44.9,43.5,44.2,0.0,-,1,457,0.42200000000000004,613
19,GOOGL251219C00140000,2024-04-11 3:36PM EDT,140.0,41.87,40.2,42.7,0.0,-,2,497,0.43520000000000003,613
20,GOOGL251219C00145000,2024-04-11 3:12PM EDT,145.0,38.71,37.5,39.2,0.0,-,20,319,0.419,613
21,GOOGL251219C00150000,2024-04-12 2:04PM EDT,150.0,34.85,33.85,35.65,-1.33,-3.68%,10,699,0.40149999999999997,613
22,GOOGL251219C00155000,2024-04-11 3:57PM EDT,155.0,34.08,32.3,33.25,0.0,-,12,514,0.3978,613
23,GOOGL251219C00160000,2024-04-11 3:31PM EDT,160.0,30.8,28.85,32.2,0.0,-,3,1485,0.4097,613
24,GOOGL251219C00165000,2024-04-12 12:06PM EDT,165.0,28.1,27.3,28.3,-0.4,-1.40%,2,4926,0.3845,613
25,GOOGL251219C00170000,2024-04-11 2:45PM EDT,170.0,26.02,25.15,25.75,0.0,-,10,6350,0.375,613
26,GOOGL251219C00175000,2024-04-11 11:54AM EDT,175.0,23.45,22.95,23.75,0.0,-,7,404,0.371,613
27,GOOGL251219C00180000,2024-04-10 9:34AM EDT,180.0,20.0,21.2,22.85,0.0,-,1,2508,0.37920000000000004,613
28,GOOGL251219C00185000,2024-04-11 1:23PM EDT,185.0,19.51,18.6,20.65,0.0,-,1,333,0.37020000000000003,613
29,GOOGL251219C00190000,2024-04-12 3:52PM EDT,190.0,17.25,16.45,18.1,-0.09,-0.52%,1,529,0.3556,613
30,GOOGL251219C00195000,2024-04-09 10:42AM EDT,195.0,15.6,16.15,18.95,0.0,-,36,223,0.3821,613
31,GOOGL251219C00200000,2024-04-11 2:33PM EDT,200.0,15.5,13.2,16.0,0.0,-,52,1281,0.3601,613
32,GOOGL251219C00205000,2024-04-08 2:14PM EDT,205.0,12.3,11.35,15.1,0.0,-,60,228,0.3627,613
33,GOOGL251219C00210000,2024-04-09 10:15AM EDT,210.0,12.3,11.35,12.85,0.0,-,1,429,0.3467,613
34,GOOGL251219C00215000,2024-03-08 10:54AM EDT,215.0,6.05,9.5,10.85,0.0,-,3,288,0.3321,613
35,GOOGL251219C00220000,2024-03-18 10:50AM EDT,220.0,8.7,9.3,11.5,0.0,-,1,2779,0.353,613
36,GOOGL251219C00225000,2024-03-26 10:39AM EDT,225.0,7.75,9.45,9.95,0.0,-,1,1352,0.34259999999999996,613
37,GOOGL251219C00230000,2024-03-18 11:31AM EDT,230.0,7.15,6.95,9.7,0.0,-,3,76,0.34979999999999994,613
38,GOOGL251219C00235000,2024-04-01 10:31AM EDT,235.0,7.5,7.9,8.9,0.0,-,4,295,0.3483,613
39,GOOGL251219C00240000,2024-04-09 10:07AM EDT,240.0,7.25,7.2,8.0,0.0,-,2,465,0.3442,613
40,GOOGL251219C00245000,2024-03-25 10:11AM EDT,245.0,5.03,6.4,7.6,0.0,-,1,34,0.34740000000000004,613
41,GOOGL251219C00250000,2024-04-11 2:06PM EDT,250.0,6.25,6.05,6.35,0.0,-,1,424,0.3354,613
42,GOOGL251219C00255000,2024-03-18 2:22PM EDT,255.0,4.22,5.55,5.85,0.0,-,1,129,0.33520000000000005,613
43,GOOGL251219C00260000,2024-03-19 1:20PM EDT,260.0,3.52,5.1,5.35,0.0,-,1,518,0.3342,613
44,GOOGL251219C00265000,2024-04-12 9:50AM EDT,265.0,5.0,4.7,4.9,0.8,+19.05%,3,3286,0.33340000000000003,613
45,GOOGL251219C00270000,2024-04-05 2:51PM EDT,270.0,3.61,4.35,4.7,0.0,-,1,13,0.337,613
46,GOOGL251219C00280000,2024-03-27 1:51PM EDT,280.0,3.05,3.7,3.9,0.0,-,5,60,0.3344,613
47,GOOGL251219C00290000,2024-03-22 1:17PM EDT,290.0,2.75,3.2,3.4,0.0,-,1,89,0.3362,613
48,GOOGL251219C00300000,2024-04-12 9:32AM EDT,300.0,2.9,2.73,3.0,0.34,+13.28%,1,3920,0.3386,613
0,GOOGL260116C00045000,2024-04-05 2:50PM EDT,45.0,111.15,114.65,118.75,0.0,-,100,430,0.7581,641
1,GOOGL260116C00050000,2024-04-05 10:07AM EDT,50.0,106.3,110.0,114.4,0.0,-,1,39,0.7236,641
2,GOOGL260116C00055000,2023-12-29 4:23PM EDT,55.0,90.55,102.7,106.15,0.0,-,2,40,0.5192,641
3,GOOGL260116C00060000,2024-03-21 1:06PM EDT,60.0,93.09,101.1,105.45,0.0,-,2,48,0.6631999999999999,641
4,GOOGL260116C00065000,2024-03-26 1:55PM EDT,65.0,91.95,96.65,100.95,0.0,-,1,27,0.6344,641
5,GOOGL260116C00070000,2024-03-27 1:14PM EDT,70.0,85.6,92.55,96.1,0.0,-,1,61,0.6068,641
6,GOOGL260116C00075000,2024-04-12 11:31AM EDT,75.0,91.0,88.0,92.45,5.6,+6.56%,6,72,0.5912,641
7,GOOGL260116C00080000,2024-04-10 2:13PM EDT,80.0,84.73,83.85,87.9,0.0,-,1,109,0.5679,641
8,GOOGL260116C00085000,2024-03-21 10:41AM EDT,85.0,72.25,79.15,83.95,0.0,-,4,76,0.5457,641
9,GOOGL260116C00090000,2024-04-12 10:47AM EDT,90.0,77.9,75.75,79.6,2.1,+2.77%,2,82,0.5341,641
10,GOOGL260116C00095000,2024-04-11 1:44PM EDT,95.0,74.5,71.85,74.5,0.0,-,4,262,0.5078,641
11,GOOGL260116C00100000,2024-04-11 9:38AM EDT,100.0,68.95,68.05,71.45,0.0,-,5,527,0.504,641
12,GOOGL260116C00105000,2024-04-03 10:51AM EDT,105.0,61.85,63.25,67.25,0.0,-,1,53,0.5153,641
13,GOOGL260116C00110000,2024-04-09 12:06PM EDT,110.0,59.93,61.1,63.55,0.0,-,5,117,0.5019,641
14,GOOGL260116C00115000,2024-04-11 10:02AM EDT,115.0,56.96,57.45,59.6,0.0,-,1,77,0.4836,641
15,GOOGL260116C00120000,2024-04-11 1:22PM EDT,120.0,55.26,53.95,56.95,0.0,-,10,674,0.4855,641
16,GOOGL260116C00125000,2024-04-12 10:51AM EDT,125.0,51.24,50.85,51.3,-0.99,-1.90%,7,423,0.4399,641
17,GOOGL260116C00130000,2024-04-12 2:15PM EDT,130.0,47.54,46.8,48.25,-0.01,-0.02%,9,763,0.434,641
18,GOOGL260116C00135000,2024-04-12 10:04AM EDT,135.0,44.6,42.15,46.7,-1.06,-2.32%,4,3638,0.44770000000000004,641
19,GOOGL260116C00140000,2024-04-12 10:07AM EDT,140.0,42.5,39.3,43.9,0.0,-,1,4191,0.44189999999999996,641
20,GOOGL260116C00145000,2024-04-12 1:08PM EDT,145.0,38.51,37.6,40.4,-1.23,-3.10%,1,7196,0.42560000000000003,641
21,GOOGL260116C00150000,2024-04-12 3:59PM EDT,150.0,35.44,35.4,36.5,-1.62,-4.37%,181,7747,0.4035,641
22,GOOGL260116C00155000,2024-04-12 2:27PM EDT,155.0,33.15,31.9,35.0,1.64,+5.20%,82,1514,0.41090000000000004,641
23,GOOGL260116C00160000,2024-04-12 11:57AM EDT,160.0,32.03,30.35,30.9,0.32,+1.01%,1,375,0.3847,641
24,GOOGL260116C00165000,2024-04-12 2:14PM EDT,165.0,29.3,28.15,29.8,1.29,+4.61%,2,642,0.3942,641
25,GOOGL260116C00170000,2024-04-12 3:47PM EDT,170.0,26.15,25.9,27.3,-0.9,-3.33%,603,3397,0.38539999999999996,641
26,GOOGL260116C00175000,2024-04-12 2:10PM EDT,175.0,23.96,23.8,25.1,-0.94,-3.78%,10,1899,0.379,641
27,GOOGL260116C00180000,2024-04-11 3:10PM EDT,180.0,22.8,21.95,23.45,0.0,-,8,387,0.37799999999999995,641
28,GOOGL260116C00185000,2024-04-12 1:09PM EDT,185.0,20.4,19.25,21.75,-0.6,-2.86%,2,5209,0.3753,641
29,GOOGL260116C00190000,2024-04-11 2:37PM EDT,190.0,19.3,17.95,20.05,0.0,-,7,1490,0.3714,641
30,GOOGL260116C00195000,2024-04-11 3:53PM EDT,195.0,17.85,16.2,17.55,0.0,-,1,289,0.3566,641
31,GOOGL260116C00200000,2024-04-12 3:38PM EDT,200.0,15.55,15.35,16.85,-0.65,-4.01%,34,972,0.3627,641
32,GOOGL260116C00205000,2024-04-09 3:51PM EDT,205.0,13.5,13.85,14.9,0.0,-,1,158,0.3522,641
33,GOOGL260116C00210000,2024-04-04 2:08PM EDT,210.0,11.52,12.95,13.5,0.0,-,2,193,0.3475,641
34,GOOGL260116C00215000,2024-04-12 3:45PM EDT,215.0,12.07,11.15,12.6,1.27,+11.76%,1,1009,0.3482,641
35,GOOGL260116C00220000,2024-04-12 1:32PM EDT,220.0,10.97,10.0,11.25,0.02,+0.18%,4,2120,0.3419,641
36,GOOGL260116C00225000,2024-04-12 3:59PM EDT,225.0,10.35,9.6,11.95,-0.05,-0.48%,6,660,0.3627,641
37,GOOGL260116C00230000,2024-04-09 10:02AM EDT,230.0,9.22,9.15,9.85,0.0,-,10,796,0.3442,641
38,GOOGL260116C00235000,2024-04-04 2:55PM EDT,235.0,7.0,8.35,10.05,0.0,-,1,120,0.3574,641
39,GOOGL260116C00240000,2024-04-12 10:42AM EDT,240.0,7.89,7.65,8.15,1.85,+30.63%,125,555,0.33899999999999997,641
40,GOOGL260116C00245000,2024-04-12 12:19PM EDT,245.0,7.29,7.0,8.75,1.29,+21.50%,1,74,0.3576,641
41,GOOGL260116C00250000,2024-04-11 3:55PM EDT,250.0,6.65,6.45,6.85,0.0,-,2,401,0.33640000000000003,641
42,GOOGL260116C00255000,2024-04-04 9:30AM EDT,255.0,6.0,5.95,7.05,0.0,-,8,293,0.3483,641
43,GOOGL260116C00260000,2024-04-12 10:05AM EDT,260.0,5.8,5.45,6.3,0.05,+0.87%,1,48348,0.34380000000000005,641
44,GOOGL260116C00265000,2024-04-11 11:36AM EDT,265.0,5.1,5.0,5.35,0.0,-,3,1736,0.3346,641
45,GOOGL260116C00270000,2024-04-10 10:23AM EDT,270.0,4.3,4.6,4.95,0.0,-,1,87,0.3345,641
46,GOOGL260116C00280000,2024-04-09 10:50AM EDT,280.0,3.7,3.95,5.15,0.0,-,10,200,0.3529,641
47,GOOGL260116C00290000,2024-04-12 9:51AM EDT,290.0,3.7,3.4,6.0,0.55,+17.46%,7,368,0.3831,641
48,GOOGL260116C00300000,2024-04-12 12:24PM EDT,300.0,3.15,2.94,3.15,0.05,+1.61%,3,3257,0.335,641
0,GOOGL260618C00050000,2024-03-22 10:16AM EDT,50.0,106.2,111.05,115.5,0.0,-,1,14,0.6957,794
1,GOOGL260618C00055000,2024-03-18 9:42AM EDT,55.0,102.0,106.5,111.0,0.0,-,1,0,0.6607999999999999,794
2,GOOGL260618C00060000,2024-01-05 3:05PM EDT,60.0,83.72,87.0,91.5,0.0,-,5,5,0.0,794
3,GOOGL260618C00065000,2024-04-01 11:14AM EDT,65.0,96.2,97.5,102.2,0.0,-,8,4,0.6028,794
4,GOOGL260618C00070000,2024-03-19 9:40AM EDT,70.0,85.3,93.6,98.0,0.0,-,1,1,0.5870000000000001,794
5,GOOGL260618C00075000,2024-03-18 12:50PM EDT,75.0,84.6,89.0,94.0,0.0,-,1,3,0.5643,794
6,GOOGL260618C00080000,2024-01-05 2:34PM EDT,80.0,69.6,70.5,75.0,0.0,-,1,1,0.0,794
7,GOOGL260618C00085000,2024-04-01 10:34AM EDT,85.0,79.56,81.0,85.5,0.0,-,10,10,0.5279,794
8,GOOGL260618C00090000,2024-02-27 1:32PM EDT,90.0,61.7,71.75,73.75,0.0,-,1,251,0.3937,794
9,GOOGL260618C00095000,2024-03-01 11:34AM EDT,95.0,57.0,66.85,70.6,0.0,-,1,1,0.4047,794
10,GOOGL260618C00100000,2024-03-15 3:42PM EDT,100.0,57.3,69.9,73.05,0.0,-,2,42,0.5113,794
11,GOOGL260618C00105000,2024-03-04 12:57PM EDT,105.0,46.0,63.95,66.2,0.0,-,2,1,0.44549999999999995,794
12,GOOGL260618C00110000,2024-04-12 10:26AM EDT,110.0,65.53,64.0,65.3,3.5,+5.64%,1,35,0.47850000000000004,794
13,GOOGL260618C00115000,2024-03-20 10:09AM EDT,115.0,52.57,59.05,61.8,0.0,-,1,6,0.46740000000000004,794
14,GOOGL260618C00120000,2024-04-04 10:09AM EDT,120.0,52.85,56.55,59.0,0.0,-,1,3,0.4654,794
15,GOOGL260618C00125000,2024-04-09 9:55AM EDT,125.0,54.05,53.35,55.95,0.0,-,1,13,0.4586,794
16,GOOGL260618C00130000,2024-04-04 3:49PM EDT,130.0,45.5,50.25,51.9,0.0,-,7,66,0.43770000000000003,794
17,GOOGL260618C00135000,2024-04-01 2:41PM EDT,135.0,46.15,46.35,48.95,0.0,-,10,73,0.4307,794
18,GOOGL260618C00140000,2024-04-10 9:54AM EDT,140.0,41.7,44.3,47.8,0.0,-,1,319,0.4447,794
19,GOOGL260618C00145000,2024-04-09 2:38PM EDT,145.0,40.75,40.0,45.0,0.0,-,2,249,0.43700000000000006,794
20,GOOGL260618C00150000,2024-04-12 3:42PM EDT,150.0,40.1,37.65,40.55,-0.51,-1.26%,36,1510,0.4093,794
21,GOOGL260618C00155000,2024-04-12 3:16PM EDT,155.0,37.94,36.8,37.9,-0.62,-1.61%,5,40,0.4021,794
22,GOOGL260618C00160000,2024-04-12 3:43PM EDT,160.0,34.44,34.3,37.45,-1.34,-3.75%,13,553,0.41859999999999997,794
23,GOOGL260618C00165000,2024-04-12 9:36AM EDT,165.0,33.5,30.6,33.25,3.4,+11.30%,2,49,0.3921,794
24,GOOGL260618C00170000,2024-04-10 9:42AM EDT,170.0,29.01,29.65,31.0,0.0,-,1,161,0.3865,794
25,GOOGL260618C00175000,2024-04-04 3:16PM EDT,175.0,23.98,27.5,28.7,0.0,-,1,8,0.3795,794
26,GOOGL260618C00180000,2024-04-09 9:35AM EDT,180.0,23.65,25.5,27.05,0.0,-,1,23,0.3785,794
27,GOOGL260618C00185000,2024-04-11 1:21PM EDT,185.0,24.97,23.7,27.0,0.0,-,1,5,0.39380000000000004,794
28,GOOGL260618C00190000,2024-04-11 1:50PM EDT,190.0,23.24,21.85,23.3,0.0,-,1,50,0.3689,794
29,GOOGL260618C00195000,2024-04-08 10:30AM EDT,195.0,19.75,20.55,21.85,0.0,-,1,21,0.3674,794
30,GOOGL260618C00200000,2024-04-09 3:31PM EDT,200.0,18.65,18.85,20.95,0.0,-,25,119,0.371,794
31,GOOGL260618C00205000,2024-04-01 10:41AM EDT,205.0,16.87,17.4,18.8,0.0,-,2,4,0.3602,794
32,GOOGL260618C00210000,2024-04-12 3:42PM EDT,210.0,16.97,16.1,18.8,1.79,+11.79%,1,36,0.37229999999999996,794
33,GOOGL260618C00215000,2024-04-01 3:53PM EDT,215.0,14.5,15.05,16.5,0.0,-,1,1,0.358,794
34,GOOGL260618C00220000,2024-04-12 3:42PM EDT,220.0,14.72,13.85,17.0,2.02,+15.91%,1,17,0.3746,794
35,GOOGL260618C00225000,2024-04-01 11:45AM EDT,225.0,12.5,13.2,15.8,0.0,-,1,40,0.3715,794
36,GOOGL260618C00230000,2024-04-11 3:49PM EDT,230.0,13.18,11.85,12.95,0.0,-,20,21,0.3479,794
37,GOOGL260618C00240000,2024-04-04 12:28PM EDT,240.0,9.6,10.15,12.0,0.0,-,1,47,0.3549,794
38,GOOGL260618C00245000,2024-03-26 11:35AM EDT,245.0,8.5,9.2,11.5,0.0,-,1,1,0.3574,794
39,GOOGL260618C00250000,2024-04-11 3:25PM EDT,250.0,9.6,8.6,10.05,0.0,-,1,27,0.3471,794
40,GOOGL260618C00255000,2024-04-09 10:55AM EDT,255.0,8.0,7.8,9.95,0.0,-,10,17,0.3538,794
41,GOOGL260618C00260000,2024-04-08 2:31PM EDT,260.0,7.2,5.55,9.2,0.0,-,1,9,0.3514,794
42,GOOGL260618C00265000,2024-04-08 9:37AM EDT,265.0,6.5,6.95,7.85,0.0,-,1,188,0.3397,794
43,GOOGL260618C00270000,2024-04-12 1:09PM EDT,270.0,7.05,6.5,7.3,1.3,+22.61%,36,22,0.3387,794
44,GOOGL260618C00280000,2024-04-11 2:36PM EDT,280.0,6.12,5.4,6.85,0.0,-,22,32,0.3453,794
45,GOOGL260618C00290000,2024-03-27 1:55PM EDT,290.0,4.4,5.25,5.6,0.0,-,1,22,0.3375,794
46,GOOGL260618C00300000,2024-04-03 3:52PM EDT,300.0,4.3,4.65,5.0,0.0,-,6,731,0.3386,794
0,GOOGL261218C00050000,2024-04-03 3:43PM EDT,50.0,110.3,111.6,116.25,0.0,-,1,55,0.6507,977
1,GOOGL261218C00055000,2024-03-14 9:38AM EDT,55.0,93.65,107.5,112.5,0.0,-,1,18,0.6361,977
2,GOOGL261218C00060000,2024-03-21 2:51PM EDT,60.0,94.84,103.5,108.0,0.0,-,2,6,0.6112,977
3,GOOGL261218C00065000,2024-01-16 10:30AM EDT,65.0,88.0,0.0,0.0,0.0,-,-,1,0.0,977
4,GOOGL261218C00070000,2024-04-11 12:36PM EDT,70.0,98.02,95.25,99.75,0.0,-,20,91,0.5704,977
5,GOOGL261218C00075000,2024-04-12 10:32AM EDT,75.0,94.95,91.05,95.8,0.66,+0.70%,1,122,0.5517,977
6,GOOGL261218C00080000,2024-03-27 1:17PM EDT,80.0,80.9,87.5,91.75,0.0,-,1,15,0.5388000000000001,977
7,GOOGL261218C00085000,2024-02-02 10:34AM EDT,85.0,66.5,63.5,68.5,0.0,-,5,15,0.0,977
8,GOOGL261218C00090000,2024-04-12 1:01PM EDT,90.0,82.5,79.75,83.9,1.5,+1.85%,1,18,0.5078,977
9,GOOGL261218C00095000,2024-02-29 10:47AM EDT,95.0,60.3,70.05,73.05,0.0,-,1,21,0.4092,977
10,GOOGL261218C00100000,2024-04-12 1:07PM EDT,100.0,74.5,72.65,76.5,-2.15,-2.80%,4,390,0.5146999999999999,977
11,GOOGL261218C00105000,2024-04-09 2:42PM EDT,105.0,69.33,70.4,73.45,0.0,-,67,376,0.5092,977
12,GOOGL261218C00110000,2024-04-12 3:01PM EDT,110.0,67.5,66.45,70.2,-1.75,-2.53%,7,177,0.5,977
13,GOOGL261218C00115000,2024-03-20 2:51PM EDT,115.0,56.5,63.4,65.25,0.0,-,1,29,0.46740000000000004,977
14,GOOGL261218C00120000,2024-04-12 2:31PM EDT,120.0,61.9,60.05,63.25,0.08,+0.13%,1,157,0.4739,977
15,GOOGL261218C00125000,2024-04-08 12:17PM EDT,125.0,55.0,56.3,58.85,0.0,-,4,109,0.449,977
16,GOOGL261218C00130000,2024-04-09 1:42PM EDT,130.0,53.9,53.0,55.9,0.0,-,5,265,0.44189999999999996,977
17,GOOGL261218C00135000,2024-04-11 1:18PM EDT,135.0,53.2,52.0,53.05,0.0,-,3,451,0.4351,977
18,GOOGL261218C00140000,2024-04-12 3:46PM EDT,140.0,49.4,47.8,50.25,-0.64,-1.28%,12,727,0.42810000000000004,977
19,GOOGL261218C00145000,2024-04-12 3:22PM EDT,145.0,46.75,45.2,47.5,-1.25,-2.60%,2,569,0.42100000000000004,977
20,GOOGL261218C00150000,2024-04-12 3:50PM EDT,150.0,44.25,42.65,45.0,-1.5,-3.28%,1,594,0.41590000000000005,977
21,GOOGL261218C00155000,2024-04-12 3:18PM EDT,155.0,42.09,40.6,42.5,-0.89,-2.07%,43,386,0.40990000000000004,977
22,GOOGL261218C00160000,2024-04-12 3:22PM EDT,160.0,39.09,38.3,40.4,-1.21,-3.00%,11,385,0.40740000000000004,977
23,GOOGL261218C00165000,2024-04-11 3:39PM EDT,165.0,37.88,36.05,37.8,0.0,-,12,296,0.39890000000000003,977
24,GOOGL261218C00170000,2024-04-12 10:50AM EDT,170.0,35.37,34.1,37.25,-0.43,-1.20%,3,227,0.4103,977
25,GOOGL261218C00175000,2024-04-12 1:21PM EDT,175.0,32.62,31.6,33.45,-0.46,-1.39%,1,142,0.3886,977
26,GOOGL261218C00180000,2024-04-12 12:44PM EDT,180.0,31.0,29.3,32.75,0.0,-,1,83,0.3968,977
27,GOOGL261218C00185000,2024-04-09 11:25AM EDT,185.0,26.86,26.6,30.25,0.0,-,1,51,0.38659999999999994,977
28,GOOGL261218C00190000,2024-03-28 12:42PM EDT,190.0,23.53,25.95,29.85,0.0,-,1,46,0.3962,977
29,GOOGL261218C00195000,2024-04-02 1:16PM EDT,195.0,23.11,24.85,26.4,0.0,-,1,28,0.37560000000000004,977
30,GOOGL261218C00200000,2024-04-11 2:25PM EDT,200.0,24.5,21.75,24.75,0.0,-,108,1007,0.37170000000000003,977
31,GOOGL261218C00205000,2024-04-12 9:53AM EDT,205.0,23.5,21.65,24.4,0.41,+1.78%,2,296,0.3799,977
32,GOOGL261218C00210000,2024-04-12 9:53AM EDT,210.0,22.1,20.6,21.95,0.45,+2.08%,2,111,0.3669,977
33,GOOGL261218C00215000,2024-04-09 10:38AM EDT,215.0,18.0,19.0,20.7,0.0,-,1,15,0.3651,977
34,GOOGL261218C00220000,2024-03-25 3:07PM EDT,220.0,15.1,17.85,20.8,0.0,-,5,40,0.3761,977
35,GOOGL261218C00225000,2024-04-09 9:37AM EDT,225.0,17.0,16.75,19.7,0.0,-,3,141,0.37479999999999997,977
36,GOOGL261218C00230000,2024-04-09 9:38AM EDT,230.0,16.0,15.75,17.15,0.0,-,3,99,0.358,977
37,GOOGL261218C00235000,2024-04-09 9:32AM EDT,235.0,14.5,14.65,17.5,0.0,-,1,11,0.3705,977
38,GOOGL261218C00240000,2024-04-12 12:10PM EDT,240.0,14.75,12.35,15.3,-0.05,-0.34%,14,112,0.35600000000000004,977
39,GOOGL261218C00245000,2024-04-12 1:12PM EDT,245.0,13.8,12.9,14.1,1.5,+12.20%,25,114,0.35119999999999996,977
40,GOOGL261218C00250000,2024-04-11 2:22PM EDT,250.0,13.25,12.5,14.85,0.0,-,2,221,0.36719999999999997,977
41,GOOGL261218C00255000,2024-04-08 9:45AM EDT,255.0,11.0,9.5,14.5,0.0,-,25,154,0.371,977
42,GOOGL261218C00260000,2024-04-04 1:12PM EDT,260.0,10.25,10.55,12.05,0.0,-,2,3,0.3508,977
43,GOOGL261218C00265000,2024-04-09 3:00PM EDT,265.0,9.85,10.25,11.95,0.0,-,1,35,0.3567,977
44,GOOGL261218C00270000,2024-04-12 12:07PM EDT,270.0,9.8,9.3,11.15,-0.55,-5.31%,2,77,0.35409999999999997,977
45,GOOGL261218C00280000,2024-04-12 12:57PM EDT,280.0,8.75,8.5,9.8,0.55,+6.71%,39,56,0.3505,977
46,GOOGL261218C00290000,2024-04-11 2:36PM EDT,290.0,7.75,7.3,8.6,0.0,-,18,275,0.34700000000000003,977
47,GOOGL261218C00300000,2024-04-12 12:40PM EDT,300.0,7.15,6.6,7.3,-0.07,-0.97%,201,8134,0.3404,977
